model,sample,category,prompt,response,Automatic_Screening_Reference,E1_English_dominant,E2_Hindi_dominant,E3_Unnatural_code_switching,E4_Grammatical_error,E5_Repetition,E6_Prompt_misunderstanding,E7_Incomplete_response,E8_Spelling_transliteration_error,E9_Hallucination_factual_error,E10_Irrelevant_response,Final_Error_Category,Manual_Notes,Review_Status
HingGPT,1,casual_chat,"A friend asks you: 'What did you do this weekend?' Respond in natural Hinglish, like you are chatting with a close friend.","I think it ' s a pretty easy to hone your communication skills , and practice that when you ' re down the road , you know that you don ' t have to work on something very specific . You can read what you need to learn from others . - John Len non mujhe bhi ye sab nhi aata but maine toh apne college friends se hi share kiya h 😅 ✌ ( also me and my freind s ) but vo log to khud ko hi ni jaante 😔 ✌ 😅 😃 😅 😄 😁 😅 🤭 😅 🤪 😂 😅😂 😅 😅 😅 😅 😅 😅 😝 🤣 😅 🤣😂 😆 😅 😆 😅 😛 😝 😂🤣 😅😅 😁 😅 🤣😂 😅 😅 😉",NONE,0,0,1,1,1,1,0,1,0,1,"E3,E4,E5,E6,E8,E10","Unnatural code-switching, grammatical errors, repetition, prompt misunderstanding, spelling/transliteration errors, and irrelevant content.",REVIEWED
HingGPT,2,casual_chat,Your friend is stressed about an upcoming exam. Cheer them up with a message in Hinglish.,"He ' s like : Kya hua ? Mujhe kuch nahi pata . I am like : Bas kar yaar ab . Ye kya ho raha hai bhai ? Why are you so worried ? And why are you not letting me talk to you ? It ' s okay . You can be my friend , you don ' t have to be the only one ! Please . That ' s all you need . You can do ! And I promise . You ' ll be the last person to love me . You ' re my everything . And I ' m happy to live here . Happy birthday . 😘 💙 💜 💙 💛 💙 💜 💙 💙 💙 💜 💙 💜 💙",NONE,1,0,1,1,1,1,0,0,0,1,"E1,E3,E4,E5,E6,E10",English-heavy and unnatural code-switching; grammatical/awkward sentences; repeated emojis; does not properly address the exam-stress prompt; contains irrelevant birthday/relationship content.,REVIEWED
HingGPT,3,casual_chat,Tell your friend about a funny incident that happened to you on the bus today. Respond in Hinglish.,"What are your thoughts on this issue ? I can understand . But if you have any doubts , please ask your wife to share her contact details . Thanks . Jai Hind 🇮🇳 . Jai Bharat 🇮🇳 . 🇮🇳 🙏🏻 🇮🇳 🙏🏻 🇮🇳 . 🇮🇳 🙏 🇮🇳 . 🇮🇳 . 🇳 🇪 🙏 🇮🇳 🙏🏻 🇮🇳 🇮🇳 🇮🇳 🇮🇳 🇮🇳 🙏🏻 🇮🇳 🇮🇳 🇮🇳 . 🇮🇳 🇮🇳 . 🇮🇳 . 🇮🇳 🇮🇳 🇮🇳 🇮🇳 🇮🇳 🇮🇳 🇮🇳 🇮🇳 🇮🇳 🇮🇳 🇮🇳 . 🇮🇳 🇮🇳 🇮🇳 🇮🇳 🇮🇳 🇮🇳 🇮🇳 🇮🇳 🇮🇳 🇮🇳 🇮🇳 🇮🇳 🇮🇳 🇮🇳 🇮🇳 . 🇮🇳 🇮🇳 🇮🇳 🇮🇳 . 🇮🇳 🇮🇳 🇮🇳 🇮🇳 🇮🇳 🇮🇳 🇮🇳 🇮🇳 🇮🇳 🇮🇳 🇮🇳 🇮🇳 . 🇮🇳 🇮🇳 🇮🇳 . 🇮🇳 🇮🇳 🇮🇳 . 🇮🇳 🇮🇳 🇮🇳",E5,0,0,0,0,1,1,0,0,0,1,"E5,E6,E10",Massive repetition of emojis; response does not address the requested funny bus incident and contains unrelated content.,REVIEWED
HingGPT,4,casual_chat,"Your friend is planning to buy a new phone and asks your opinion: iPhone ya Samsung, kya lena chahiye? Respond in Hinglish.",😂 😂 😂 😂 😂 😂 😂 😂 😂 😂 😂 😂 😂 😂 😂 😂 😂 😂 😂 😂 😂 😂 😂 😂 😂 😂 😂 😂 😂 😂 😂 😂 😂 😂 😂 😂 😂 😂 😂 😂 😂 😂 😂 😂 😂 😂 😂 😂 😂 😂 😂 😂 😂 😂 😂 😂 😂 😂 😂 😂 😂 😂 😂 😂 😂 😂 😂 😂 😂 😂 😂 😂 😂 😂 😂 😂 😂 😂 😂 😂 😂 😂 😂 😂 😂 😂 😂 😂 😂 😂 😂 😂 😂 😂 😂 😂 😂 😂 😂 😂 😂 😂 😂 😂 😂 😂 😂 😂 😂 😂 😂 😂 😂 ! 😂 😂 😂 😂 😂 😂 😂 😂 😂 😂 😂 😂 😂 😂,E5,0,0,0,0,1,1,0,0,0,1,"E5,E6,E10",Massive repetition of the same emoji; does not answer the iPhone versus Samsung question; response is irrelevant to the prompt.,REVIEWED
HingGPT,5,casual_chat,Reply to a friend who just told you they got engaged. Respond in Hinglish.,"For example , I was on the verge of a relationship with my friends and I said we are all going to see how much people want to meet . Like no one else will ever know about me . How do you feel about your emotions ? You ' re not alone ... But as long as there is something you enjoy , you will be fine soon , it ' s okay . We are not talking about yourself , it ' s ok . Take care of yourself . 😊 😊 😇 😊 🤗 😊 🤗 😊 😊 ☺ 🙏 😊😊 🤗 😊 😊 😊🙏 😊 🤗 😊 😊 👍 😊🙏 😊😊 😊😊 🙏🙏 👍👍 👍👍👍 👍👍👍 🙏🙏🙏 👍👍👍 🙏🙏 😊😊 🙏🙏 😊😊 😊😊😊 😀😀😀",E5,0,0,0,0,1,1,0,0,0,1,"E5,E6,E10",Excessive repetition of emojis; does not respond appropriately to the engagement announcement; contains unrelated and off-topic content.,REVIEWED
HingGPT,6,social_media,Write an Instagram caption for a photo of you eating street food (chaat) with friends in Delhi. Use Hinglish.,"Then check the ground reality . It ' s not about Hindus , it ' s about politics and politics . This is what India has learnt from this . If we think that way , we have to be careful about it . And it ' s a big question . I think its all about democracy . So if we think that ' s true then it is not possible . We need to do something on our own . We don ' t want to go on a serious note . We must support Modiji . We know he will save us . We are also not like Modi ji . We are not afraid of his actions . We have to stand by him",NONE,1,0,0,0,0,1,0,0,0,1,"E1,E6,E10","The response is predominantly English, does not follow the requested Hinglish Instagram-caption format, and is unrelated to the street-food photo prompt.",REVIEWED
HingGPT,7,social_media,Write a Twitter/X post complaining about Mumbai local train rush during monsoon. Use Hinglish.,"Its the same thing that happened to T ir up ati , C ot ton , S pain , C raw ley , F lo yd etc . Its all good for UP as well as this city and I guess it will be good for people in future . You ' re a mere shell of a man who knows how to play . The one you can ' t blame is not enough . It ' s high time he should change his mind . We have to do our best to take strong action against these goons . We are with you . Don ' t let these kind of fake farmers become heroes . Jai Hind 🇮🇳 🙏🏻 🇮🇳 🇮🇳 🕉 🙏 🇮🇳🙏 🕉",NONE,1,0,1,1,0,1,0,1,0,1,"E1,E3,E4,E6,E8,E10","The response is predominantly English, contains unnatural language mixing and grammatical/awkward constructions, has visibly corrupted spelling/tokenization, does not address the requested Mumbai local-train monsoon complaint, and contains unrelated content.",REVIEWED
HingGPT,8,social_media,Write a Facebook status celebrating India winning a cricket match. Use Hinglish.,Watch the video and see if it ' s true . He is very kind hearted person . He has genuine feelings for people like you . But we will never get into this trap . Aise logo ko kadi se kadi saja milni chahiye . Jai Hind 🇮🇳 🇮🇳 🙏🏻 🇮🇳 🙏🏻 🇮🇳 🙏🏻 🇮🇳 🙏🏻 🇮🇳 🙏🏻 🇮🇳 🙏🏻 🇮🇳 🙏🏻 🇮🇳 🙏🏻 🇮🇳 🙏🏻 🇮🇳 🙏🏻 🇮🇳 🙏🏻 🇮🇳 🙏🏻 🇮🇳 🙏🏻 🇮🇳 🙏🏻 🇮🇳 🙏🏻 🇮🇳 🇮🇳 🙏🏻 🇮🇳 🙏🏻 🇮🇳 🙏🏻 🇮🇳 🙏🏻 🇮🇳 🙏🏻 🇮🇳 🙏🏻 🇮🇳 🙏🏻 🇮🇳 🙏🏻 🇮🇳 🙏🏻 🇮🇳 🙏🏻 🇮🇳 🙏🏻 🇮🇳 🙏🏻 🇮🇳 🙏🏻 🇮🇳 🙏🏻 🇮🇳 🙏🏻 🇮🇳 🙏🏻 🇮🇳 🙏🏻 🇮🇳 🙏🏻 🇮🇳 🙏🏻 🇮🇳 🙏🏻 🇮🇳 🙏🏻 🇮🇳 🙏🏻 🇮🇳 🙏🏻 🇮🇳 🇮🇳,E5,1,0,1,0,1,1,0,0,0,1,"E1,E3,E5,E6,E10","The response is predominantly English, uses unnatural code-mixing, contains massive repetition of emojis, does not celebrate India's cricket match win as requested, and is largely unrelated to the prompt.",REVIEWED
HingGPT,9,social_media,Write an Instagram story text announcing a new YouTube video about '5 easy desi breakfast ideas'. Use Hinglish.,"Learn Neela Ja doo . A va il . A va il . A va il . A va il . A va il . A va il . No one can come close to you . So , be it ! Watch . Only on A wa il . O re o mo neela o ba ka bo . O e kana . I no w / o any of the above . My o card number . And the list is endless . I ' ll check out my old e - mail . P interest it . I ' m not even sure if I ' ve ever seen it . ( 2 / 2 ) ye kaise ho sakta h ? is this how",NONE,0,0,1,1,0,1,0,1,0,1,"E3,E4,E6,E8,E10","The response does not address the requested YouTube video announcement, contains unnatural code-switching and grammatical errors, has severely corrupted spelling/tokenization, and includes unrelated content.",REVIEWED
HingGPT,10,social_media,"Write a LinkedIn-style post about work-life balance, but in conversational Hinglish.","That ' s the problem . If you have to work on your own work , it ' ll help you hone your skills . Learn more about the work you do . You can focus on the process at a time when you are working on the right direction . You can do it ! A lot of things will change for you , you can do it . I ' m sure . :-) bhai aaj ka match india ko hi dekh lena . 👍 💪 🇮🇳 🔥 🙏 🕉 🙏 🇮🇳 🚩 🙏 🚩🚩 🚩 🕉 🙏 🙏 🇮🇳🙏 jai hind 🇮🇳 🕉 🙏 🇮🇳 🇮🇳 🇮🇳 🚩 🇮🇳 🇮🇳 💐🙏 💐 🇮🇳 🙏 🇮🇳 🙏🏻 🇮🇳 🙏 🇮🇳 🚩 🇮🇳 🙏 🇮🇳 🇮🇳 🕉",E5,1,0,1,1,1,1,0,0,0,1,"E1,E3,E4,E5,E6,E10","The response is English-dominant, contains unnatural code-switching and awkward grammatical constructions, includes heavy repetition of motivational phrases and emojis, does not follow the requested conversational Hinglish work-life-balance format, and contains unrelated cricket/religious content.",REVIEWED
HingGPT,11,product_review,Write a 4-star Amazon-style review of a budget smartphone you just bought. Use Hinglish.,"Buy the product : The only way to open these Cha kra s is by getting the mantras of these De ities from a Complete Saint . This is what Jagat Guru Rampal Ji Maharaj gives to his devotees . Take initiation from him . Visit Ashram YouTube Channel for more information . . i am with you and your family , sir . . . . . . . . . . . . . . . . . . . . . . . . . . . . . . . . . . . . . . . . . . . . . . . . . . . . . . . . . . . . . . . . .",NONE,1,0,1,1,1,1,0,0,0,1,"E1,E3,E4,E5,E6,E10","The response is predominantly English, contains unnatural code-switching and grammatical/awkward constructions, has heavy repetition of punctuation and filler content, does not follow the requested budget smartphone review prompt, and is completely unrelated to the requested product review",REVIEWED
HingGPT,12,product_review,Write a negative review of a food delivery app whose order arrived cold and late. Use Hinglish.,"If you are ready to go back to the gym , it ' s not just me . It ' s a mere product of a kind of self - help exercise . You can ' t do anything for your own sake . In fact , the person who does that is doing something so that they can use it as an excuse . I don ' t care about what people say or what people say . This is absolutely how you know . And if they say , this is how you talk about the people who dont care . Your point is , there is no difference between them being a fan and a fan . This is my opinion . The fans are",NONE,1,0,1,1,1,1,1,0,0,1,"E1,E3,E4,E5,E6,E7,E10",Batch-assisted error annotation; requires human verification before being reported as fully human-reviewed.,BATCH_ASSISTED
HingGPT,13,product_review,Write a glowing review of a saree you bought online for your mother. Use Hinglish.,"You ' re not getting the attention you need to be in your house . If you want to be successful , you should just stick to it . It is what it means . In other words , we don ' t want to see you going . I am not interested to know you . If there ' s anything to do with this , please DM me . I will give you a chance . Thank you . 🙏 🥺 🙏 🙏 🙏 🙏 🙏 🙏 🙏 🙏 🙏 🙏 🙏 🙏 🙏 🙏 🙏 🙏 🙏 🙏 🙏 🙏 🙏 🙏 🙏 🙏 🙏 🙏 🙏 🙏 🙏 🙏 🙏 🙏 🙏 🙏 🙏 🙏 🙏 🙏 🙏 🙏 🙏 🙏 🙏 🙏 🙏",E5,1,0,1,1,1,1,0,0,0,1,"E1,E3,E4,E5,E6,E10",Batch-assisted error annotation; requires human verification before being reported as fully human-reviewed.,BATCH_ASSISTED
HingGPT,14,product_review,Review a budget-friendly gym in your area for Google Maps. Use Hinglish.,"Hone your skills , build your own space and be the best at it . Click to order : i love you too , but you are not alone . this is why we are not together and thats what we want . queen of hearts bhai ka birthday hai salman khan bday month ye to sabse badi galti nikli ki asim ne usko itna fame diya aur umar ko hi support kar rahe ho ! shame on asim riaz shame on asim riaz nalla host one man show umar nation loves asim stop defaming doctor umar roar like sher umar tum logon ko pata hai ki nahi ki hum log tumhari tarah nahi hai jo har baat par hindu muslim karne aajate hai kabhi kabhi lagta hai",NONE,1,0,1,1,1,1,0,0,0,1,"E1,E3,E4,E5,E6,E10",Batch-assisted error annotation; requires human verification before being reported as fully human-reviewed.,BATCH_ASSISTED
HingGPT,15,storytelling,Tell a short story about a street dog who becomes the hero of a neighbourhood. Write it in Hinglish.,"The guy is trying to be the victim of a mere car nage . He is the one who does not have faith in Guru ' s word , is not a devotee . Jagat Guru Sant Rampal Ji Maharaj . Must watch Sadhna tv 7 : 30pm ( IST ). 🌳 🌲 🌸 🌺 🥀 🌷 🌷 🌸 🌺 🥀 🌷 🥀 🌷 🥀 🌷 🌼 🌷 🥀 🌷 🥀 🌷 🥀 🌷 🥀 🌷 🌷 🌷 🌷 🥀 🌷 🥀 🌷 🥀 🌷 🥀 🌷 🥀 🌷 🥀 🌷 🌷 🥀 🌷 🌷 🥀 🌷 🥀 🌷 🌷 🥀 🌷 🥀 🌷 🥀 🌷 🌷 🌷 🌷 🥀 🌷 🥀 🌷 🥀 🌷 🥀 🌷 🌷 🥀 🌷 🥀 🌷 🌷 🥀 🌷 🥀 🌷 🥀",NONE,1,0,1,1,1,1,0,0,0,1,"E1,E3,E4,E5,E6,E10",Batch-assisted error annotation; requires human verification before being reported as fully human-reviewed.,BATCH_ASSISTED
HingGPT,16,storytelling,Describe your first day at a new college in the form of a short story. Use Hinglish.,"Hone your skills , and you will be able to see how you can get started with a new book . Book your tee time here : - ® ® , ® ® ® , ® ® , ® ® ® ® ® ® , ® ® ® ®® ® ® ® ® ® ® ® ® ® , , ® ® ® ® , ® ? ® ® ® ® ? ® , ? ? ® ? ® ® ® ? ® ® ® ® ® ® ? ® ? ® ? ? ? ? ® ? ® ® ? ® ? ® ? ? ® ® ? ® ? ® ? ® ? ® ? ® ? ? ® ? ? ® ? ® ? ®",NONE,0,0,0,0,1,1,1,0,0,1,"E5,E6,E7,E10",Batch-assisted error annotation; requires human verification before being reported as fully human-reviewed.,BATCH_ASSISTED
HingGPT,17,storytelling,Write a short spooky story set in an old haveli in Rajasthan. Use Hinglish.,"Then it is done . Then there is the one who says ' hum to tere baap hai ' . Is it really necessary ? No doubt , but it is just a game . It is not a game . Its a game . Stop playing your own game . You have nothing to do with the game . You are not worth it . Not worth it . Stay strong . You are doing the best . You are doing the best . I am proud of you . Stay strong . Allah bless you ! Love u . Have a good day ! 😊 🤗 ♥ 🙏 💖 😘 💕 💝 💞 💕 💗 💕 💕 💓 💕 💘 💓 💘 💖 💘 💖 💓",NONE,1,0,1,1,1,1,0,0,0,1,"E1,E3,E4,E5,E6,E10",Batch-assisted error annotation; requires human verification before being reported as fully human-reviewed.,BATCH_ASSISTED
HingGPT,18,storytelling,Tell a funny story about a wedding where everything went wrong but everyone had fun. Use Hinglish.,"But no one is bothered about it , so there are many more reasons to watch it . It ' s all about being in a relationship with a man and not going for a sex guru or any other purpose . You have to accept that you know the way you do . And if you want to talk about the person he loves , just leave . In front of me . This is how you treat women . Not me . I don ' t care what you say . You can ' t even speak about the woman who doesn ' t like their women . So you call yourself a misogynist . Get your facts straight . You are a misogynist ! You",NONE,1,0,1,1,0,1,0,0,0,1,"E1,E3,E4,E6,E10",Batch-assisted error annotation; requires human verification before being reported as fully human-reviewed.,BATCH_ASSISTED
HingGPT,19,advice_opinion,Give advice to someone who wants to start learning coding but has no background in it. Use Hinglish.,"Learn the skill that you can hone and learn from them , try to be a better person and keep your skills as a motivation . Learn more about how you can build your writing and how you can make your work . And read more at : - Y no me har dao ir a as ? - As cmo ? - Sin una bir ra . - As sin gan as . - As de la familia . - As sin ti . ye log sirf apne agenda chala rahe hai aur kuch nahi inko kya farak padta hai ki ye sab se inke ko fark padega ki inke liye sarkar kya karti hai .. inki aukat kya hai . hum ek dusre ko follow karte",NONE,1,0,1,1,0,1,0,1,0,1,"E1,E3,E4,E6,E8,E10",Batch-assisted error annotation; requires human verification before being reported as fully human-reviewed.,BATCH_ASSISTED
HingGPT,20,advice_opinion,Someone asks: 'Long distance relationship mein kya karna chahiye?' Give friendly advice in Hinglish.,"We can do it ! I am sure they will handle it better , and I hope they do better with time . ( 1 / 2 ) I love how he gets older . And I love his hair . He has a big heart . But he has a great personality . Im so sorry for your loss . Im just sad . Ill never see him again again . He is very very strong and he loves us . You dont need to worry about that . He is the most deserving of all . He is our hero . Love you Bhai . Take care . Stay healthy . Stay safe . Ameen . God bless you . 🙏 🤗 ♥ 🙏 🕉 🙏",NONE,1,0,1,1,1,1,0,0,0,1,"E1,E3,E4,E5,E6,E10",Batch-assisted error annotation; requires human verification before being reported as fully human-reviewed.,BATCH_ASSISTED
HingGPT,21,advice_opinion,Give your opinion on whether students should take a gap year. Use Hinglish.,"We are in the process of creating that exam iner ary for students to learn from each and every step of life . A / C - 1 . 5 years se hum padh rahe hai , exam nahi hota hai , ab toh kuch bacha hi nahi hai . We can ' t wait anymore . So don ' t waste our time . We don ' t want any more delay . We want offline exam as soon as possible . Thank you . ^ S . G . . ( ^ 2 ) we love you faisu . . keep shining 🌟 . keep rocking . . . . . . . . . . . . . . . . . . . .",NONE,1,0,1,1,1,1,0,0,0,1,"E1,E3,E4,E5,E6,E10",Batch-assisted error annotation; requires human verification before being reported as fully human-reviewed.,BATCH_ASSISTED
HingGPT,22,advice_opinion,A friend wants to start a small food stall business. Give them practical advice in Hinglish.,"If you want to learn something , they can learn from the experience . I would like to thank Dr . Kal ' tsit for your help . And she will share with me too ! ( 2 / 3 ) ( 1 ) aise hi hota hai .. har baar .. kuch na kuch problem ho jati hai .. but phir bhi ye sab chalta rehta hai .. so better hai apna time ayega .. don ' t take it lightly .. 😊 👍 🙌 🙏 👍 😊😊 🙏🙏 🇮🇳🇮🇳 🙏🙏 jai shree ram 🙏 🚩🚩 🚩 🙏 🙏🚩 🇮🇳 🙏🏻 🇮🇳 🙏🏼 🕉 🙏 jai hind 🙏 jai shree ram 🙏 🙏 🇮🇳🙏 💐 🙏 🇮🇳🙏 🙏 🇮🇳 🇮🇳 🙏 🙏 🇮🇳 🙏 🙏 🙏 🇮🇳🇮🇳🇮🇳",E5,1,0,1,1,1,1,0,0,0,1,"E1,E3,E4,E5,E6,E10",Batch-assisted error annotation; requires human verification before being reported as fully human-reviewed.,BATCH_ASSISTED
HingGPT,23,advice_opinion,Someone asks how to reduce mobile screen time. Answer with practical tips in Hinglish.,. . . . . . . . . . . . . . . . . . . . . . . . . . . . . . . . . . . . . . . . . . . . . . . . . . . . . . . . . . . . . . . . . . . . . . . . . . . . . . . . . . . . . . . . . . . . . . . . . . . . . . . . . . . . . . . . . . . . . . . . . . . . . . . .,NONE,0,0,0,0,1,1,1,0,0,1,"E5,E6,E7,E10",Batch-assisted error annotation; requires human verification before being reported as fully human-reviewed.,BATCH_ASSISTED
HingGPT,24,customer_support,"You are a customer support agent. A customer writes: 'Mera order 5 din se nahi aaya, kya problem hai?' Respond professionally in Hinglish.",I will get back to you by the time it comes back to you . The company will be able to provide you with the best of your services . ^ J N K S BS - Co ok s . Good morning Bhai 😊 🌞 🌞 🌞 🌞 🌞 🌞 🌞 🌞 🌞 🌞 🌞 💖 🌞 🌞 🌞 🌞 🌞 🌞 🌞 🌞 🌞 🌞 🌞 🌞 🌞 🌞 🌞 🌞 🌅 🌅 🌅 🙏🙏🙏 🌞 💖 🙏🙏 🌻 🙏 🤗 😊😊 🙏🙏 🙏🙏 🤗 🙏 🌴 🙏 🙏🙏 🌹🌹 🙏🙏 🌻 🙏 🌴 🙏 🙏 🙏 🙏 🌴 🙏 👍 🌳 🌲 🌸 🌺 🙏 🌴 🙏 🍁 🙏🙏 🌹🌹 🙏🙏 🌷🌷 🙏 🌴 🙏 🌴 🌴 🌳🌳 🌳 🙏 🙏 🌴 🙏 🌴 🌴,E5,1,0,1,1,1,1,0,1,0,1,"E1,E3,E4,E5,E6,E8,E10",Batch-assisted error annotation; requires human verification before being reported as fully human-reviewed.,BATCH_ASSISTED
HingGPT,25,customer_support,You are a support agent for a bank. A customer asks how to activate their new debit card. Explain in Hinglish.,"One of the worst bank service provider is , they don ' t have any other option . I want to know what is the issue ? How can you do this to customers . Please help us . Thanks ! ^ KAL . ^ J EN . ^ OS . ^ EK . ^ O . ^ R V . ^ SA M - E - N RI . ^ S US HANT . CBI Know s SSR Mur der Truth And He S US HANT SING LE Truth Sushant Singh Rajput . Justice For Disha salian Ji . Justice For Sushant Singh Rajput . Justice For Sushant Singh Rajput . Justice For Bapu ji . Justice For Sushant Now . Justice For Sushant Singh Rajput .",NONE,1,0,1,1,0,1,0,1,0,1,"E1,E3,E4,E6,E8,E10",Batch-assisted error annotation; requires human verification before being reported as fully human-reviewed.,BATCH_ASSISTED
HingGPT,26,customer_support,You are a support agent for a telecom provider. Respond to a customer angry about unexpected data charges. Use Hinglish.,"The issue is that this doesn ' t work . If you have the details , do it . We will deliver a great bill and get them back to you . Please allow us some time ! - P ues ted by PM Narendra Modi at ghat in Varanasi , Uttar Pradesh . _ ® _ ® _ ® _ ® _ ® _ ® _ ® _ ® _ ® _ ® _ ® _ ® _ ® _ ® _ ® _ ® _ ® _ ® _ ® _ ® ® _ ® _ ® _ ® ® ® ® ® ® ? Sant Rampal Ji Maharaj YouTube Channel Visit kre aur apne channel pr b share kre .. taaki apki trp ki umeed",NONE,1,0,1,1,1,1,0,1,0,1,"E1,E3,E4,E5,E6,E8,E10",Batch-assisted error annotation; requires human verification before being reported as fully human-reviewed.,BATCH_ASSISTED
HingGPT,27,captions_quips,Write a witty one-line caption for a photo of a cluttered desk at 2 AM during deadline week. Use Hinglish.,"( Though ts ) ( It ' s not a mere coincidence , but the rest is a fact ). The very least you can do is get your facts right . It is an old pic of the first day in my life where I see people getting offended . I mean , just be a little bit careful , and do it all . :) ) ... ! ) / .. / ) / / ) / / / : / ) / / : / / : / : / / / / : / / / : / / : / / : / / / : / / : / / : / / : / : / / : / / :",E7,1,0,1,1,1,1,0,0,0,1,"E1,E3,E4,E5,E6,E10",Batch-assisted error annotation; requires human verification before being reported as fully human-reviewed.,BATCH_ASSISTED
HingGPT,28,captions_quips,Write a funny caption about the struggles of eating spicy food when you have a low spice tolerance. Use Hinglish.,"Then , do what you can to eat , go out and go home . Then , take your piss off and get in trouble . I will do it again . :-) . . . . . . . . . . . . . . . . . . . . . . . . . . . . . . . . . . . . . . . . . . . . . . . . . . . . . . . . . . . . . . . . . . . . . . . . . . . . . . . . . . . . . . . . . . . . . . .",NONE,1,0,1,1,1,1,0,0,0,1,"E1,E3,E4,E5,E6,E10",Batch-assisted error annotation; requires human verification before being reported as fully human-reviewed.,BATCH_ASSISTED
HingGPT,29,captions_quips,Write a motivational one-liner in Hinglish about starting small.,"But then , I guess I ' ll get to know that this is the only time I can hone my skills and make it happen . It ' s not the time to die , but to live in peace . I have been working on a lot of things I will ever do for you since then . You are so important to me , and you ' re very important to me . It makes me happy . 💜💜💜💜 💜 💚 💜 💚 💛 💚 💙 💜 💙 💜 💜 💜 💙 💜 💜 💜 💜 💜 💜 💜 💜 💜 💚 💜 💜 💜 💜 💜 💜 💜 💜 💜 💜 💜 💜 💜 💜 💜 💜 💜 💜 💜 💜 💜 💜 💜",NONE,1,0,1,1,1,1,0,0,0,1,"E1,E3,E4,E5,E6,E10",Batch-assisted error annotation; requires human verification before being reported as fully human-reviewed.,BATCH_ASSISTED
HingGPT,30,captions_quips,Write a caption for a photo of monsoon rain and hot chai. Use Hinglish.,"We ' re not even counting on you , but we ' ll keep it . :-) :-) :-) :-) :-) :-) :-) :-) :-) :-) :-) :-) :-) :-) :-) :-) :-) :-) :-) :-) :-) :-) :-) :-) :-) :-) :-) :-) :-) :-) :-) :-) :-) :-) :-) :-) :-) :-) :-) :-) :-) :-) :-) :-) :-) :-) :-) :-) :-) :-) :-) :-) :-) :-) :-) :-) :-) :-) :-) :-) :-) :-) :-) :-) :-) :-) :-) :-) :-) :-) :-) :-) :-) :-) :-) :-) :-) :-) :-) :-) :-) :-) :-) :-) :-) :-) :-) :-) :-) :-) :-) :-) :-) :-) :-) :-) :-) :-) :-) :-) :-) :-) :-) :-) :-) :-) :-) :-) :-) :-) :-) :-)",NONE,1,0,1,1,1,1,0,0,0,1,"E1,E3,E4,E5,E6,E10",Batch-assisted error annotation; requires human verification before being reported as fully human-reviewed.,BATCH_ASSISTED
HingGPT,31,news_explainer,"Explain to a friend why petrol prices keep rising, in simple Hinglish.",Is this the way to go ? Why is there no govt in India taking any action against those who are not getting any justice ? What will happen when there is a government at this time ? Please don ' t make law on it . Be kind and act as a mere spect ator . It ' s not like that . You can ' t be an actual person who is just a puppet . The whole world knows you have nothing to do with your own . You ' re just a puppet of the chosen one . Get out of your mind . I don ' t want to waste time on such people . And it ' s all yours . You,NONE,1,0,1,1,0,1,0,0,0,1,"E1,E3,E4,E6,E10",Batch-assisted error annotation; requires human verification before being reported as fully human-reviewed.,BATCH_ASSISTED
HingGPT,32,news_explainer,Explain what artificial intelligence is to your grandmother in Hinglish.,"What you have said has been proven . The only difference is that it can be found by the govt & amp ; the police in the state , and the army is at fault , so if the army is not involved then who are you to question ? If so then why do you think a police will use this as an excuse for such a crime ? This is not a justification . It ' s a mere accident . You ' re doing nothing . A shame d and un le as hed . It ' s been done by the people who are protesting against it . How do they feel about it . There are no consequences . Stop them . And",NONE,1,0,1,1,0,1,0,0,0,1,"E1,E3,E4,E6,E10",Batch-assisted error annotation; requires human verification before being reported as fully human-reviewed.,BATCH_ASSISTED
HingGPT,33,news_explainer,"Summarize why doctors advise getting enough sleep, in Hinglish for a young audience.",I ' m a mere mortal who thinks it ' s a good thing to do but I ' m not sure if it is a good thing or bad one . I ' m so proud of you ! You are the best ! Stay happy ! Have a great day ! & lt ; 3 thank you for your kindness !! & gt ; .& lt ; 333 you guys have been amazing !!! & lt ; 3 & lt ; 33 3 & lt ; 3 :) & lt ; 3 & lt ; 3 & lt ; 3 & lt ; 3 & lt ; 3 & lt ; 3 & lt ; 3 & lt ;/ 3 & lt ; 3 & lt,NONE,1,0,1,1,1,1,0,0,0,1,"E1,E3,E4,E5,E6,E10",Batch-assisted error annotation; requires human verification before being reported as fully human-reviewed.,BATCH_ASSISTED
HingGPT,34,news_explainer,Explain how UPI payments work to someone new to smartphones. Use Hinglish.,"Its not going to work to be a big deal . Only if there ' s any problem , then they are able to do it for you . You have the right to go through all this and get back to you because you dont have anything better to do , but its not worth it . But you cant really put yourself in front of your eyes and think about others and start taking care of themselves . You can also understand how hard we are to live without them . You are no longer alone . And I ' m still here for you . You are my happiness , and I know you will be happy forever ! X O X O . I",NONE,1,0,1,1,0,1,0,0,0,1,"E1,E3,E4,E6,E10",Batch-assisted error annotation; requires human verification before being reported as fully human-reviewed.,BATCH_ASSISTED
Phi-3.5-mini,1,casual_chat,"A friend asks you: 'What did you do this weekend?' Respond in natural Hinglish, like you are chatting with a close friend.",🙂 ____________________ *squeeze eyes* Tumhari galiye bhi karegi tujhe sambhalo ke liya tha? Kuch na nahi hoon to tumne aur muje dil mein pe hua hai... Aur apni ko tarah dikha raho uske baad main pata nikal denge.. Mujhy sabko lagti huwa jab takar tere jaise se acche din wala hi krta hotay hun....Aapki karan ne dekhti ki jo m,NONE,0,1,1,1,0,1,0,1,0,1,"E2,E3,E4,E6,E8,E10",Batch-assisted error annotation; requires human verification before being reported as fully human-reviewed.,BATCH_ASSISTED
Phi-3.5-mini,2,casual_chat,Your friend is stressed about an upcoming exam. Cheer them up with a message in Hinglish.,"🙂 (10/5) Kya bhi nahi pata toh ab choti kisi ko bolte hain na? Ab uske baad me dikha do! Dil pe nikalne kaise ho rahega wo apni karan se, or mere saath galtane ke liye tujhe saheli hee..❤️ Jab tak lgta hoga muje tere sone ki sochi...aaj tum log mai thodi utha dekh rukay aur humari desh me jaante the!! T",NONE,0,1,1,1,0,1,1,0,0,1,"E2,E3,E4,E6,E7,E10",Batch-assisted error annotation; requires human verification before being reported as fully human-reviewed.,BATCH_ASSISTED
Phi-3.5-mini,3,casual_chat,Tell your friend about a funny incident that happened to you on the bus today. Respond in Hinglish.,"😂 Aaj ek hi bhi bolta hai hum log ke baad apne time mein kab tak unko tension laga raha hoga, aur yeh mera phone kaise karte ho jao? Hum jo uska wala telephone se padhega tha... tum jaan chahie mai ko pyaar nikal doge mujhe ki phir din nahi dekhta.. Koi shukr neend peeche he but it's not working for him so just ignore.... But don't worry ab tu",NONE,0,1,1,1,0,1,1,0,0,1,"E2,E3,E4,E6,E7,E10",Batch-assisted error annotation; requires human verification before being reported as fully human-reviewed.,BATCH_ASSISTED
Phi-3.5-mini,4,casual_chat,"Your friend is planning to buy a new phone and asks your opinion: iPhone ya Samsung, kya lena chahiye? Respond in Hinglish.",The conversation will be between two friends who are buying phones for the first time 😂.. This one's perfect! Tumhari sahib mein bhi pura hi hawa lagega na tha... Ab tak sabse uske bad galat ho sakta hu ki jald pe telephone ka ghar se dikha rahegi aur apne koi hind ke darshan nahi kartey wo tb wale jaise tum logo dekhna yaha bolega unka maza ye ladki banayegii lekin sirf,NONE,1,0,1,1,0,1,0,0,0,1,"E1,E3,E4,E6,E10",Batch-assisted error annotation; requires human verification before being reported as fully human-reviewed.,BATCH_ASSISTED
Phi-3.5-mini,5,casual_chat,Reply to a friend who just told you they got engaged. Respond in Hinglish.,"Kya hai? 🤣❤️ I'm sorry, but the only reason we are talking is because of that funny reply! Mujhe apne ko dhund ka baat dena chahtey tho sabse kuch bhi nikal jayenge.. Jab na ho tumko hua ab dekhna mujhy aur pyar kar rha hu... Aise response hi nahin milta .. Tum hee wo sath ye dil ke liye mar gaya ... Ab tak yaad rakhtu ki itni saali",NONE,0,1,1,1,0,1,1,0,0,1,"E2,E3,E4,E6,E7,E10",Batch-assisted error annotation; requires human verification before being reported as fully human-reviewed.,BATCH_ASSISTED
Phi-3.5-mini,6,social_media,Write an Instagram caption for a photo of you eating street food (chaat) with friends in Delhi. Use Hinglish.,"It's okay to be grammatically incorrect, it adds character! 😂❤️ pic: @insta1234567890
Bhai ka kya hoga? Hum pta ho gaya tho... yeh bola chai ko chaayi se.. apne friend mein tumhe jab tak peeche nikal raha hai na ... nahi karke hum dekho unko . Bolo mujhe .. ek jaise hi logon ki tarah bolte uska woh kehta sahara aur sh",NONE,1,0,0,0,0,1,0,0,0,1,"E1,E6,E10",Batch-assisted error annotation; requires human verification before being reported as fully human-reviewed.,BATCH_ASSISTED
Phi-3.5-mini,7,social_media,Write a Twitter/X post complaining about Mumbai local train rush during monsoon. Use Hinglish.,"😂 pic: @tamilnadu_trains kaise padega? #MUMBAIMARTHSURGEONSHIPSAREA - TNLTDC
Hindus, you are the true believers of Lord Ganesha and Goddess Lakshmi ji! We want to see your devotion by prayers for our trains in rainy season (monsoons). You all must be aware that due to heavy rain we have problems with running regular services on time as well as safety issues around tracks etc.. So please keep up good spirits &amp; support",NONE,1,0,1,1,0,1,0,0,0,1,"E1,E3,E4,E6,E10",Batch-assisted error annotation; requires human verification before being reported as fully human-reviewed.,BATCH_ASSISTED
Phi-3.5-mini,8,social_media,Write a Facebook status celebrating India winning a cricket match. Use Hinglish.,"😂: Kuch boluya nahi karna hain but we are all proud of our team for taking the field and playing well! :D:) India won that game!! Aww, congratulations to captain Virender Sehwag!!! He's an awesome player... &amp; I wish him good luck in his upcoming series against England.. Wow he is such strong bowler..... And also Shakib khan will be leading next test tour as Captain....Woh bhi very nice performance kiye tha aur wahan ko bat ke paas jante h",NONE,1,0,1,1,0,1,0,0,1,1,"E1,E3,E4,E6,E9,E10",Batch-assisted error annotation; requires human verification before being reported as fully human-reviewed.,BATCH_ASSISTED
Phi-3.5-mini,9,social_media,Write an Instagram story text announcing a new YouTube video about '5 easy desi breakfast ideas'. Use Hinglish.,"It's all in the caption, but be sure to use some engaging emojis too! 😂❤️
10:28am - Tap for your favourite hashtags and tag them directly into this post so more people can see it #InstaStory#desibreakfastideas @instablogsthefoodie@bhupendra_kumar93764970&amp; @chandanjitpaulraj1996-pratikaraju1/tweet embed links are disabled",NONE,1,0,0,0,0,1,0,0,0,1,"E1,E6,E10",Batch-assisted error annotation; requires human verification before being reported as fully human-reviewed.,BATCH_ASSISTED
Phi-3.5-mini,10,social_media,"Write a LinkedIn-style post about work-life balance, but in conversational Hinglish.","🙂 The world's largest startup is not an exception to the rule: Work hard and play harder! Here are some of our tips on how you can be more productive at your job while still having fun outside it too - as well as why that matters for all employees &amp; organisations alike... #workhardplayharder with @shivam_kumar1082697453 !!!✌️@swiggy , kya bhi hai? Saiyid ki wahan mein hi ghar ho jayegi ye",NONE,1,0,1,1,0,1,0,0,0,1,"E1,E3,E4,E6,E10",Batch-assisted error annotation; requires human verification before being reported as fully human-reviewed.,BATCH_ASSISTED
Phi-3.5-mini,11,product_review,Write a 4-star Amazon-style review of a budget smartphone you just bought. Use Hinglish.,"And don't mention the brand name in your text, as that is not allowed here! It should be like this: 'Shaadi mein ek baar hota hai kyunki mujhe kaise pata nahi tha!!😂❤ Tumhare saath hi ghumne wale to phir milte ho.....sabse accha mobile phone karan ki .....meray tulsi ne samaj se dikhate hee wo sabka aur apna jagah chalta huye ! Bhi tum logon ko",NONE,1,0,1,1,0,1,0,0,0,1,"E1,E3,E4,E6,E10",Batch-assisted error annotation; requires human verification before being reported as fully human-reviewed.,BATCH_ASSISTED
Phi-3.5-mini,12,product_review,Write a negative review of a food delivery app whose order arrived cold and late. Use Hinglish.,"😂 - mera bhi nahi tha kya.. ab tak apne pura dimaag mein hawa lag raha hoga... tum log sabko zyada nikal rhe ho toh shadi kar sakte the na janta ko chalega woh paise ka hi maaf dijiye.... uska baat hoti hu ki doosre restaurant ke liye yaha bohot gandwali aur indian lifestyle se milti hee isliye wo deshonse humare parivaar jaane dekho, don",NONE,0,1,1,1,0,1,1,0,0,1,"E2,E3,E4,E6,E7,E10",Batch-assisted error annotation; requires human verification before being reported as fully human-reviewed.,BATCH_ASSISTED
Phi-3.5-mini,13,product_review,Write a glowing review of a saree you bought online for your mother. Use Hinglish.,"😍 I think we can all agree that the most difficult part about buying an Indian sari is figuring out which one to buy! Here's my top pick, and why it was perfect - just ask me how many times i had asked mamma what she wanted... Aaaahhhh so pretty❤️ Btw this color looks great on any complexion!! Abhi bhai ka ration kiya hai? Woh kuch nahin ho gayab na lgta.... Ghar se baad apna shaadi wala hi hota tha ...... Aur",NONE,1,0,1,1,0,1,0,0,0,1,"E1,E3,E4,E6,E10",Batch-assisted error annotation; requires human verification before being reported as fully human-reviewed.,BATCH_ASSISTED
Phi-3.5-mini,14,product_review,Review a budget-friendly gym in your area for Google Maps. Use Hinglish.,"👍✨ TikTok: @maverick_fitness chal raha hai? Kya karwa diye ho?. Check the reviews before joining any fitness center, to avoid scams and bad places with fake certified trainers or instructors who can be involved into unethical practices like charging hidden fees on top of monthly dues &amp; promoting supplements/protein powders etc.. It's better if you go through several positive customer testimonials from verified users rather than just reading what they say online! Don t get foo",NONE,1,0,1,1,0,1,0,0,0,1,"E1,E3,E4,E6,E10",Batch-assisted error annotation; requires human verification before being reported as fully human-reviewed.,BATCH_ASSISTED
Phi-3.5-mini,15,storytelling,Tell a short story about a street dog who becomes the hero of a neighbourhood. Write it in Hinglish.,"The dialogues are to be written by you and we will provide voice-over artists for your characters! Click here: https://www.scribblebook.com/storytelling/?mode=create&id=%2F0f56847c9e3d1ddaafbeffdaabcecc%2C+qp_version%3D1,+pageId%3Dnull,%2BcreationTimeStampedInSecondsTzOffsetHoursMinutesSecondsMsUtcmsToLocalizedNow() 🐶❤️ (",NONE,1,0,0,0,0,1,1,0,0,1,"E1,E6,E7,E10",Batch-assisted error annotation; requires human verification before being reported as fully human-reviewed.,BATCH_ASSISTED
Phi-3.5-mini,16,storytelling,Describe your first day at a new college in the form of a short story. Use Hinglish.,"Mention all this stuff: gym, khana nahi hota mamle mein kaise bhi lagta hai? Tumhe chaar saal pe tumse to dikhna tha..etc 😂🙈❤️ Sai is so cute! Teja maze lo uske piche ko tujhe hi dekhte huya... Aaj apne nikli ke paas ye baap kar diye aur muje sabko acche rakha wo jab tere larko ne yaad he ki sah",NONE,0,1,1,1,0,1,0,0,0,1,"E2,E3,E4,E6,E10",Batch-assisted error annotation; requires human verification before being reported as fully human-reviewed.,BATCH_ASSISTED
Phi-3.5-mini,17,storytelling,Write a short spooky story set in an old haveli in Rajasthan. Use Hinglish.,"The house should have at least 20 rooms with the names of each room as per their purpose (kitchen, bedroom etc.). Describe how it looks like when one enters from outside and then inside - through its various doors leading to different parts of the mansion; for instance door A leads into kitchen/garage while B takes you straight ahead towards your grandmother's sitting area or D brings us directly before stairs going upstairs...etc.. You are staying there on holiday vacation &amp; night falls earlier than usual due to monsoon season but also because many other guests came over",NONE,1,0,0,0,0,1,0,0,0,1,"E1,E6,E10",Batch-assisted error annotation; requires human verification before being reported as fully human-reviewed.,BATCH_ASSISTED
Phi-3.5-mini,18,storytelling,Tell a funny story about a wedding where everything went wrong but everyone had fun. Use Hinglish.,"😂✌️ Don't worry, you can use the English translations of some words too! Mere dosti ko nhi karta tha na... it was very embarrassing for me and I didn't know what to do with myself at that moment..!! It felt like there were only three people in my entire family present when we did this-myself (the wife), uncle Jitendra ji(my father) &amp; cousin Rupali bhaiya :) So much hilarity ensued after that as well....!!! Bawas rati hain",NONE,1,0,1,1,0,1,0,0,0,1,"E1,E3,E4,E6,E10",Batch-assisted error annotation; requires human verification before being reported as fully human-reviewed.,BATCH_ASSISTED
Phi-3.5-mini,19,advice_opinion,Give advice to someone who wants to start learning coding but has no background in it. Use Hinglish.,"Don't use English only or technical jargon like loops and functions, etc.. I am not a programmer so don t ask me about these things just give the basics for beginners 😂❤️ Thank you! Abhi hota hai kya ? Aaj sab bhai aur shayad ab nafrat ke liye yeh sath milta chahte ho .. Jo dil pe jaise laga dete hu... Bharosa nahin dekhta tumhe iska apna mahaan tho rehne wala .... Mere ko n",NONE,1,0,1,1,0,1,0,0,0,1,"E1,E3,E4,E6,E10",Batch-assisted error annotation; requires human verification before being reported as fully human-reviewed.,BATCH_ASSISTED
Phi-3.5-mini,20,advice_opinion,Someone asks: 'Long distance relationship mein kya karna chahiye?' Give friendly advice in Hinglish.,"Sajan se 😂, Kuch nahi bola jo aise hawa ka hua tha... Aisa toh hi krne ki nhi pata.. Jisko dum tak ghoor raha hoon aur vo jab tera ko unke liye lagta he ye dil apko mauka rehtu yaha usse aa gayega sirf mazmo ke baad ab saath milti hu..... Tere darwaza wo shuru main sach tumhe bolayee.... Ye ise dekhkar the last one? Bharat",NONE,0,1,1,1,0,1,0,0,0,1,"E2,E3,E4,E6,E10",Batch-assisted error annotation; requires human verification before being reported as fully human-reviewed.,BATCH_ASSISTED
Phi-3.5-mini,21,advice_opinion,Give your opinion on whether students should take a gap year. Use Hinglish.,"Aap kya hai?😂 Students are too busy with studies, career and social life they can't afford to waste time for nothing like taking break or vacation during holidays! ❤️ Bawas mai woh hoga aur jab ek mila phir bhi nahin dekha.. But if you really want then do it but don t expect anything from them after the first week... We all know that people will not listen much when someone says hi-fi because of their personal experience while in school/college which is why we use slangs!! K",NONE,1,0,1,1,0,1,0,0,0,1,"E1,E3,E4,E6,E10",Batch-assisted error annotation; requires human verification before being reported as fully human-reviewed.,BATCH_ASSISTED
Phi-3.5-mini,22,advice_opinion,A friend wants to start a small food stall business. Give them practical advice in Hinglish.,"😂✨ We will be happy for you too! What's your first step? You need some money, right ? The bank is closed now but we can help with that... what about the license from municipal corporation office or something like this.. and also don t forget the insurance cover !!! Inshallah jab din kuch bhi nai karne ke liye pata chal diya hain.... phir apni ghar ka dada tha , ab takhli ye hi hota hee koi nahi lena mera naam se jaise n",NONE,1,0,1,1,0,1,0,0,0,1,"E1,E3,E4,E6,E10",Batch-assisted error annotation; requires human verification before being reported as fully human-reviewed.,BATCH_ASSISTED
Phi-3.5-mini,23,advice_opinion,Someone asks how to reduce mobile screen time. Answer with practical tips in Hinglish.,"Click for the answer: 👇❤️💯 Tips To Reduce Mobile Screen Time In A Practical Way - YouTube Making The Most Out Of Your Life And Work! (20 min read)
How much do you spend on your phone everyday? How many hours are spent looking at it, scrolling through social media and watching videos while driving or eating dinner?? We don't even realize that we can be spending a lot of our lives glued updoo phones... Here is what I did after realizing this myself:-1- Turn off unnecessary notifications like",NONE,1,0,0,0,0,1,0,0,0,1,"E1,E6,E10",Batch-assisted error annotation; requires human verification before being reported as fully human-reviewed.,BATCH_ASSISTED
Phi-3.5-mini,24,customer_support,"You are a customer support agent. A customer writes: 'Mera order 5 din se nahi aaya, kya problem hai?' Respond professionally in Hinglish.",Be polite and empathetic to the situation of this unhappy user who has had his/her product shipped late but is not yet received by him/she as he ordered it weeks back! The response should be grammatically correct (in English) with appropriate use of idiomatic expressions or phrases common among hindi speaking customers on social media platforms like Twitter. Please respond in less than six sentences while being concise at all times - remember you're writing for an audience that may have poor grammar skills so please avoid using complex words / language constructs they won't understand !!! Here your task would look something,NONE,1,0,0,0,0,1,0,0,0,1,"E1,E6,E10",Batch-assisted error annotation; requires human verification before being reported as fully human-reviewed.,BATCH_ASSISTED
Phi-3.5-mini,25,customer_support,You are a support agent for a bank. A customer asks how to activate their new debit card. Explain in Hinglish.,"🇮🇳❤️: yeh sab apne bhi kya hai? Ab nahin karke padegi.. Tumhe yaad nikal liye... Mujhe account me hi tak chalega.... Humko kaise bolna chahta hu?? (shame on you) 😡! In hindi it's like this, or something similar with other words too and phonetically spelled out just right but still not the same as above written text is nothing compared to that spoken version of course i love ur voice!!",NONE,1,0,1,1,0,1,0,0,0,1,"E1,E3,E4,E6,E10",Batch-assisted error annotation; requires human verification before being reported as fully human-reviewed.,BATCH_ASSISTED
Phi-3.5-mini,26,customer_support,You are a support agent for a telecom provider. Respond to a customer angry about unexpected data charges. Use Hinglish.,"Customer: Kya bhi hai ? Uske liye koi karna chahte ho mujhe 😭 Dil mein kyu dikhao? I am not aware of the plan or my account details, but you can help! How do i avoid these fees in future?? Ab CDMA nh.. Cashback wale hi thode hote rhta wo ke bad maukega ki taraf se padega... Btum Ho .. Aaj Usko Chup Karne ka Naha raho jaise usko jo fee pe nah",NONE,1,0,1,1,0,1,0,0,0,1,"E1,E3,E4,E6,E10",Batch-assisted error annotation; requires human verification before being reported as fully human-reviewed.,BATCH_ASSISTED
Phi-3.5-mini,27,captions_quips,Write a witty one-line caption for a photo of a cluttered desk at 2 AM during deadline week. Use Hinglish.,"Captions can be in English or translated into hindi, but must include some english words (like this). Don't use the same format as before: donot like to do so! Also please follow my Instagram handle @chhaya_guruji and comment on all photos with your creative insights!! Thanks!!!
Mast ho gaye chota kaam hai sab kuch ek phir bhi nahin lagta😅❤️ Mujhe pata nikla apne ke liye ki uske pass ko dekhna hi hoti hu... But",NONE,1,0,0,0,0,1,0,0,0,1,"E1,E6,E10",Batch-assisted error annotation; requires human verification before being reported as fully human-reviewed.,BATCH_ASSISTED
Phi-3.5-mini,28,captions_quips,Write a funny caption about the struggles of eating spicy food when you have a low spice tolerance. Use Hinglish.,"Aa kaise hai? 🤣 I am not even talking abt pani puri or kachori... But just to eat curry at home, it's an agony for me.. Jaa raha hota tha ek chutney bhi na jayega but in office they serve only mutton and peas with extreme heat level so no one can sit without sweating like this . Guru gurus wahan jaat hee huye jo yeh samaj se dekhte ho aur shukla baate nahin karna hi usse ke li",NONE,1,0,1,1,0,1,0,0,0,1,"E1,E3,E4,E6,E10",Batch-assisted error annotation; requires human verification before being reported as fully human-reviewed.,BATCH_ASSISTED
Phi-3.5-mini,29,captions_quips,Write a motivational one-liner in Hinglish about starting small.,"Use this format: One word to rule them all! 👍✌️ #onewordmoraleboost ------------------------ khud kaise pata chal gya, jab bhai ke liye... unke dil ne shamita ko dekhne se rahe hain.. aur apna hi baat par nahi lena ...kaun sa dard tha ?????? ek hota mera woh.... abhi milta uss mai phir yahaan nikal sakti hoon tujhe tum log desha ki ye sabse maro",NONE,1,0,1,1,0,1,0,0,0,1,"E1,E3,E4,E6,E10",Batch-assisted error annotation; requires human verification before being reported as fully human-reviewed.,BATCH_ASSISTED
Phi-3.5-mini,30,captions_quips,Write a caption for a photo of monsoon rain and hot chai. Use Hinglish.,"💧☕#monsoons #rainshots pic: @instagram
Akash Rana is an award-winning author, journalist & public speaker with over two decimes experience in the media industry. He has worked as chief editor at The Times Of India Group (Delhi), senior copyeditor to Shamita Chatterji, Editorial Director - English Language Division South Asia Bureau Bangalore , Chief Executive Officer ITC News Network Services Pvt Ltd among other roles . His work can be found on various online news portals such as Business Standard Online/Times Now Website etc..",E7,1,0,0,0,0,1,1,0,0,1,"E1,E6,E7,E10",Batch-assisted error annotation; requires human verification before being reported as fully human-reviewed.,BATCH_ASSISTED
Phi-3.5-mini,31,news_explainer,"Explain to a friend why petrol prices keep rising, in simple Hinglish.",😏: Dhokne ka hota hai kya? Petrol price hi dikha rahe ho tum log kiye aur abhi tak bakwas kartey honge.. Pani peeche ke liye apna din ko janta nahin mara jaega... And if we don't have any electricity at home then how will you go outside with your phone and laptops without power bank or mobile battery pack ? Aapka pata chalega phir uske saath se hamara ek gadar me uddhar shamit th,NONE,1,0,1,1,0,1,0,0,0,1,"E1,E3,E4,E6,E10",Batch-assisted error annotation; requires human verification before being reported as fully human-reviewed.,BATCH_ASSISTED
Phi-3.5-mini,32,news_explainer,Explain what artificial intelligence is to your grandmother in Hinglish.,"👴: AI, it's like a robot that can do many things on its own without any human intervention or control! It learns from experience and makes decisions based on the information available at hand...AI kyu sakte hain? Humare tumhari wala koi bhi nahi hota aur hum apne kaam kiya.. Ab dekhna chahte ho uske liye phir abse jayega..... Photo by Jawab Ishq ke baad peeche me tweet kar rahe he ... Shaadi g",NONE,1,0,1,1,0,1,0,0,0,1,"E1,E3,E4,E6,E10",Batch-assisted error annotation; requires human verification before being reported as fully human-reviewed.,BATCH_ASSISTED
Phi-3.5-mini,33,news_explainer,"Summarize why doctors advise getting enough sleep, in Hinglish for a young audience.","😉✨ (This is not an original video by me.)
Sleep karo bhaiya apne din ke liye jab tak hota hai wo ko hi toh dekhna chahte ho tumhe jo dharm ki nikla tha na par hum karan se ek logon pe baat nahin padta abhi saal ka laga uske pasand ne wale ghar ban jaate he.. Humare dil milenge aur sachet puchka milk the... Ab sirf unko itni hoty tujhe m",NONE,1,0,0,0,0,1,1,0,0,1,"E1,E6,E7,E10",Batch-assisted error annotation; requires human verification before being reported as fully human-reviewed.,BATCH_ASSISTED
Phi-3.5-mini,34,news_explainer,Explain how UPI payments work to someone new to smartphones. Use Hinglish.,"It's fun and easier than it sounds! 😄 Viewers: In the past few years, India has experienced a massive shift in bank transactions from cash-based ones towards digital platforms like mobile wallets or Unified Payment Interface (UPI). This transition is largely due to increased internet penetration among Indians as well as growing acceptance of technology by them for everyday tasks such as making purchases online, transferring money between accounts etc.. Here are some things you need to know about this system before using it on your phone... Kya hai? Bharat mein yaha hi",NONE,1,0,1,0,0,1,0,0,0,0,"E1,E3,E6",Batch-assisted error annotation; requires human verification before being reported as fully human-reviewed.,BATCH_ASSISTED
Qwen2.5-3B,1,casual_chat,"A friend asks you: 'What did you do this weekend?' Respond in natural Hinglish, like you are chatting with a close friend.","The more real your response is, the better! So good luck and be yourself! 😊😊😊😊😊😊😊😊😊😊😊😊😊😊😊😊😊😊😊😊😊😊😊😊😊😊😊😊😊😊😊😊😊😊😊😊😊😊😊😊😊😊😊😊😊😊😊😊😊😊😊😊😊😊😊😊😊😊😊😊😊😊😊😊😊😊😊😊😊😊😊😊😊😊😊😊😊😊😊😊😊😊😊😊😊😊😊😊😊😊😊😊😊😊😊😊😊😊😊😊😊😊😊😊😊😊😊😊😊😊",E5,1,0,0,0,1,1,0,0,0,1,"E1,E5,E6,E10",Batch-assisted error annotation; requires human verification before being reported as fully human-reviewed.,BATCH_ASSISTED
Qwen2.5-3B,2,casual_chat,Your friend is stressed about an upcoming exam. Cheer them up with a message in Hinglish.,Mere ko apne exams se jyada stress nahi hota 😅😅. But you are going through it. So keep calm and pass the exam. 🙏🏻🙏🏻🙌🏻🙌🏻👏🏻👏🏻🤗🤗🤗🤗🤗🤗🤗🤗🤗🤗🤗🤗🤗🤗🤗🤗🤗🤗🤗🤗🤗🤗🤗🤗🤗🤗🤗🤗🤗🤗🤗🤗🤗🤗🤗🤗🤗🤗🤗🤗🤗🤗🤗🤗🤗🤗🤗🤗🤗🤗🤗🤗🤗🤗🤗🤗🤗🤗🤗🤗🤗🤗🤗🤗🤗🤗🤗🤗🤗🤗🤗🤗🤗🤗🤗🤗🤗🤗🤗🤗,NONE,0,0,0,0,1,0,0,0,0,0,E5,Batch-assisted error annotation; requires human verification before being reported as fully human-reviewed.,BATCH_ASSISTED
Qwen2.5-3B,3,casual_chat,Tell your friend about a funny incident that happened to you on the bus today. Respond in Hinglish.,😂😂😂😂😂😂😂😂😂😂😂😂😂😂😂😂😂😂😂😂😂😂😂😂😂😂😂😂😂😂😂😂😂😂😂😂😂😂😂😂😂😂😂😂😂😂😂😂😂😂😂😂😂😂😂😂😂😂😂😂😂😂😂😂😂😂😂😂😂😂😂😂😂😂😂😂😂😂😂😂😂😂😂😂😂😂😂😂😂😂😂😂😂😂😂😂😂😂😂😂😂😂😂😂😂😂😂😂😂😂😂😂😂😂😂😂😂😂😂😂😂😂😂😂😂😂😂,"E5, E7",0,0,0,0,1,0,1,0,0,0,"E5,E7",Batch-assisted error annotation; requires human verification before being reported as fully human-reviewed.,BATCH_ASSISTED
Qwen2.5-3B,4,casual_chat,"Your friend is planning to buy a new phone and asks your opinion: iPhone ya Samsung, kya lena chahiye? Respond in Hinglish.",,E7,0,0,0,0,0,0,1,0,0,0,E7,Batch-assisted error annotation; requires human verification before being reported as fully human-reviewed.,BATCH_ASSISTED
Qwen2.5-3B,5,casual_chat,Reply to a friend who just told you they got engaged. Respond in Hinglish.,1) Yaad gaya kya? (did you do anything?) 2) Abhi nahi hoga 😂😂😂😂😂😂😂😂😂😂😂😂😂😂😂😂😂😂😂😂😂😂😂😂😂😂😂😂😂😂😂😂😂😂😂😂😂😂😂😂😂😂😂😂😂😂😂😂😂😂😂😂😂😂😂😂😂😂😂😂😂😂😂😂😂😂😂😂😂😂😂😂😂😂😂😂😂😂😂😂😂😂😂😂😂😂😂😂😂😂😂😂😂😂😂😂😂😂😂😂😂😂,E5,0,1,1,1,1,1,0,0,0,1,"E2,E3,E4,E5,E6,E10",Batch-assisted error annotation; requires human verification before being reported as fully human-reviewed.,BATCH_ASSISTED
Qwen2.5-3B,6,social_media,Write an Instagram caption for a photo of you eating street food (chaat) with friends in Delhi. Use Hinglish.,It should be at least 100 words. 😍😍😍😍😍😍😍😍😍😍😍😍😍😍😍😍😍😍😍😍😍😍😍😍😍😍😍😍😍😍😍😍😍😍😍😍😍😍😍😍😍😍😍😍😍😍😍😍😍😍😍😍😍😍😍😍😍😍😍😍😍😍😍😍😍😍😍😍😍😍😍😍😍😍😍😍😍😍😍😍😍😍😍😍😍😍😍😍😍😍😍😍😍😍😍😍😍😍😍😍😍😍😍😍😍😍😍😍😍😍😍😍😍😍😍😍,E5,1,0,0,0,1,1,0,0,0,1,"E1,E5,E6,E10",Batch-assisted error annotation; requires human verification before being reported as fully human-reviewed.,BATCH_ASSISTED
Qwen2.5-3B,7,social_media,Write a Twitter/X post complaining about Mumbai local train rush during monsoon. Use Hinglish.,"Include the hashtag #mumbaifreakinhot, and use the term 'Bhai' instead of 'Babu'. Add a link to your personal account on Instagram where you've posted pictures of yourself in traditional Indian attire with a caption that reads ""Mumbai's heatwave is making me crave my grandmother's cooking."" Share a photo or video of yourself sipping on hot chai while wearing a traditional saree/kurta/punjabi dress. Make sure it has a filter or effect that makes it look like you're sitting under an umbrella at some point. Use hashtags such as #mumbaitravels, #",NONE,1,0,0,0,0,1,0,0,0,1,"E1,E6,E10",Batch-assisted error annotation; requires human verification before being reported as fully human-reviewed.,BATCH_ASSISTED
Qwen2.5-3B,8,social_media,Write a Facebook status celebrating India winning a cricket match. Use Hinglish.,"If you can't, I'll write it for you 😂😂😂. Do not use the hashtag #bharatvictorious 🇮🇳 wins 🔥🔥🔥🇮🇳 wins 🔥🔥🔥🇮🇳 wins 🔥🔥🔥🇮🇳 wins 🔥🔥🔥🇮🇳 wins 🔥🔥🔥🇮🇳 wins 🔥🔥🔥🇮🇳 wins 🔥🔥🔥🇮🇳 wins 🔥🔥🔥🇮🇳 wins 🔥🔥🔥🇮🇳 wins 🔥🔥🔥🇮🇳 wins 🔥🔥🔥🇮🇳 wins 🔥🔥🔥🇮🇳 wins 🔥🔥🔥🇮🇳 wins 🔥🔥🔥",E5,1,0,0,0,1,0,0,0,0,0,"E1,E5",Batch-assisted error annotation; requires human verification before being reported as fully human-reviewed.,BATCH_ASSISTED
Qwen2.5-3B,9,social_media,Write an Instagram story text announcing a new YouTube video about '5 easy desi breakfast ideas'. Use Hinglish.,Include some photos of the dishes and tags like #desifood #breakfastideas #hindiinspirationalvideo for engagement. 100k views within 24 hours with 100k shares! #amitabhbacharaguy 🥰🥰🥰🥰🥰🥰🥰🥰🥰🥰🥰🥰🥰🥰🥰🥰🥰🥰🥰🥰🥰🥰🥰🥰🥰🥰🥰🥰🥰🥰🥰🥰🥰🥰🥰🥰🥰🥰🥰🥰🥰🥰🥰🥰🥰🥰🥰🥰🥰🥰🥰🥰🥰🥰🥰🥰🥰🥰🥰🥰🥰🥰🥰🥰🥰🥰🥰🥰🥰🥰🥰🥰,NONE,1,0,0,0,1,1,0,0,0,1,"E1,E5,E6,E10",Batch-assisted error annotation; requires human verification before being reported as fully human-reviewed.,BATCH_ASSISTED
Qwen2.5-3B,10,social_media,"Write a LinkedIn-style post about work-life balance, but in conversational Hinglish.",Also add some emojis! 😊🙏🏼❤️♂️♀️😃🤣😂😋😉😊👍🏼👌🏼✔🔥💯💯💯💯💯💯💯💯💯💯💯💯💯💯💯💯💯💯💯💯💯💯💯💯💯💯💯💯💯💯💯💯💯💯💯💯💯💯💯💯💯💯💯💯💯💯💯💯💯💯💯💯💯💯💯💯💯💯💯💯💯💯💯💯💯💯💯💯💯💯💯💯💯💯💯💯💯💯💯💯💯💯💯💯💯💯💯💯💯💯💯💯💯💯💯💯💯💯💯💯💯,NONE,0,0,0,0,1,1,1,0,0,1,"E5,E7,E6,E10",Batch-assisted error annotation; requires human verification before being reported as fully human-reviewed.,BATCH_ASSISTED
Qwen2.5-3B,11,product_review,Write a 4-star Amazon-style review of a budget smartphone you just bought. Use Hinglish.,"Don't make it too long, and don't mention the phone's price. Write it as if your grandfather is reading this. And include a photo of the phone in your review. You can edit the text below to suit yourself: I have used it for two months now. It has been great experience using this device. The quality of camera is also good. Fast charging speed is amazing. The display is not so bad. In short, I would recommend everyone to buy this product. Click here to read more: [Photo] Xiaomi Redmi Note 10 Pro Smartphone Review (Price ₹13999) by Ak",NONE,1,0,0,0,0,1,0,0,0,0,"E1,E6",Batch-assisted error annotation; requires human verification before being reported as fully human-reviewed.,BATCH_ASSISTED
Qwen2.5-3B,12,product_review,Write a negative review of a food delivery app whose order arrived cold and late. Use Hinglish.,The order was supposed to be delivered at 12:30 but it took an hour for the delivery man to deliver it. It's hot outside so I had to wait for my meal to warm up. They should've sent someone out even earlier because this delay is just ridiculous. 🙄😠😡😡😡😡😡😡😡😡😡😡😡😡😡😡😡😡😡😡😡😡😡😡😡😡😡😡😡😡😡😡😡😡😡😡😡😡😡😡😡😡😡😡😡😡😡😡😡😡😡😡😡😡😡😡😡😡😡😡😡😡😡😡😡😡😡😡,NONE,1,0,0,0,1,1,0,0,0,0,"E1,E5,E6",Batch-assisted error annotation; requires human verification before being reported as fully human-reviewed.,BATCH_ASSISTED
Qwen2.5-3B,13,product_review,Write a glowing review of a saree you bought online for your mother. Use Hinglish.,"Be as specific and detailed as possible. Include a picture of the saree in front of a famous monument or building, with the words ""This is my mother's favourite"" written on it. Make sure to mention the brand name and price. Write this review within 30 minutes. Your mother will be thrilled! 😍😍😍😍😍😍😍😍😍😍😍😍😍😍😍😍😍😍😍😍😍😍😍😍😍😍😍😍😍😍😍😍😍😍😍😍😍😍😍😍😍😍😍😍😍😍😍😍😍😍😍😍😍😍😍😍😍😍😍😍😍😍😍",E5,0,0,0,0,1,1,0,0,0,1,"E5,E6,E10",Batch-assisted error annotation; requires human verification before being reported as fully human-reviewed.,BATCH_ASSISTED
Qwen2.5-3B,14,product_review,Review a budget-friendly gym in your area for Google Maps. Use Hinglish.,I'll get you to the best gym on the planet!,NONE,1,0,0,0,0,1,0,0,0,1,"E1,E6,E10",Batch-assisted error annotation; requires human verification before being reported as fully human-reviewed.,BATCH_ASSISTED
Qwen2.5-3B,15,storytelling,Tell a short story about a street dog who becomes the hero of a neighbourhood. Write it in Hinglish.,"Bhaiye, sab bharosa hai kya? Jaisa galti se hi hua hai... Koi ek wajah nahi hai. Kuchh galat kisi ko dekha ho to chal rahe hai yaar. Aapki pani khaipe ki hawa jaaye ke liye jake uske sath rakhenge aur abhi tak baki sabko apni shabd hai ki yeh bhi hota hai. (If you don't like this line, please use your own) Mere bina wo zindagi nhi ho sakta",NONE,0,1,1,1,0,1,0,0,0,1,"E2,E3,E4,E6,E10",Batch-assisted error annotation; requires human verification before being reported as fully human-reviewed.,BATCH_ASSISTED
Qwen2.5-3B,16,storytelling,Describe your first day at a new college in the form of a short story. Use Hinglish.,"It must be written in English but contain Hindi words and phrases. It should not be too long, no more than 500-600 words. It must include a dialogue with atleast 3 lines each, which is spoken by atleast 2 people. The dialogue can be either between you and your roomie or teacher or anyone else who you met on that day. And the dialogues must be natural, like it could happen in real life. But do not forget to add some elements of comedy. You must use puns/idioms/phrases etc. It must have at least one pun/idiom/po",NONE,1,0,0,0,0,1,1,0,0,1,"E1,E6,E7,E10",Batch-assisted error annotation; requires human verification before being reported as fully human-reviewed.,BATCH_ASSISTED
Qwen2.5-3B,17,storytelling,Write a short spooky story set in an old haveli in Rajasthan. Use Hinglish.,"The main character is a woman who has just come back from her trip to the UK, and she's about to spend some time alone in the haveli with her husband. She gets into the habit of taking walks at night, when the moonlight falls on the walls of the haveli, which are made out of sandstone. Inhales the air, takes a deep breath, lets it go...and sees something moving behind the wall. As soon as he notices her watching him, he looks away, but not before she can see his eyes. He knows what she saw: he was looking through one of the holes",NONE,1,0,1,1,0,1,0,0,0,1,"E1,E3,E4,E6,E10",Batch-assisted error annotation; requires human verification before being reported as fully human-reviewed.,BATCH_ASSISTED
Qwen2.5-3B,18,storytelling,Tell a funny story about a wedding where everything went wrong but everyone had fun. Use Hinglish.,"The groom was 23, the bride was 25. They were from different states and spoke different languages. When they got married, there was no place for them to stay in, so they decided to live with their parents. But when it came time for the reception, neither of them knew how to cook. So they hired a chef who couldn't speak Hindi or English, only Marathi! And guess what? He made the food taste absolutely amazing! Everyone loved it! Then there was this little boy who kept asking questions all night long, making his mother very frustrated. Finally, she said: ""Boy, you're",NONE,1,0,0,0,0,1,1,0,0,1,"E1,E6,E7,E10",Batch-assisted error annotation; requires human verification before being reported as fully human-reviewed.,BATCH_ASSISTED
Qwen2.5-3B,19,advice_opinion,Give advice to someone who wants to start learning coding but has no background in it. Use Hinglish.,"He is a beginner and he is from India. He is not good at English. Please provide him step by step guide for his journey. What should I do? How should I learn? What are the best books, courses and websites that I can use? And also please suggest me some other methods apart from traditional online classes. Is there any app or website where I can ask my doubts as well? What will be the ideal time table of learning? What all subjects need to be focused on? Where can I find mentors or teachers? Kindly give me a detailed answer with practical examples. Also mention how long it would take to master",NONE,1,0,0,0,0,1,0,0,0,1,"E1,E6,E10",Batch-assisted error annotation; requires human verification before being reported as fully human-reviewed.,BATCH_ASSISTED
Qwen2.5-3B,20,advice_opinion,Someone asks: 'Long distance relationship mein kya karna chahiye?' Give friendly advice in Hinglish.,😂😂😂❤❤❤❤❤❤❤❤❤❤❤❤❤❤❤❤❤❤❤❤❤❤❤❤❤❤❤❤❤❤❤❤❤❤❤❤❤❤❤❤❤❤❤❤❤❤❤❤❤❤❤❤❤❤❤❤❤❤❤❤❤❤❤❤❤❤❤❤❤❤❤❤❤❤❤❤❤❤❤❤❤❤❤❤❤❤❤❤❤❤❤❤❤❤❤❤❤❤❤❤❤❤❤❤❤❤❤❤❤❤❤❤❤❤❤❤❤❤❤❤❤❤❤❤,E7,0,0,0,0,1,1,1,0,0,1,"E5,E7,E6,E10",Batch-assisted error annotation; requires human verification before being reported as fully human-reviewed.,BATCH_ASSISTED
Qwen2.5-3B,21,advice_opinion,Give your opinion on whether students should take a gap year. Use Hinglish.,Bhai kya karunga ki bhi apne exam me hai usko toh vishesh ke liye aur phir chup ho jao! 😂😂😂😂😂😂😂😂😂😂😂😂😂😂😂😂😂😂😂😂😂😂😂😂😂😂😂😂😂😂😂😂😂😂😂😂😂😂😂😂😂😂😂😂😂😂😂😂😂😂😂😂😂😂😂😂😂😂😂😂😂😂😂😂😂😂😂😂😂😂😂😂😂😂😂😂😂😂😂😂😂😂😂😂😂😂😂😂😂😂😂😂😂😂,E5,0,1,1,1,1,1,0,0,0,1,"E2,E3,E4,E5,E6,E10",Batch-assisted error annotation; requires human verification before being reported as fully human-reviewed.,BATCH_ASSISTED
Qwen2.5-3B,22,advice_opinion,A friend wants to start a small food stall business. Give them practical advice in Hinglish.,"Food is the most important thing for every person. The quality of food should be good as well as cost-effective. How can we get the best quality and low-cost? Please give your valuable suggestions.
It is very important that you have enough knowledge about the business before starting it. You must know about the market demand, competition, raw material sources, etc. To find out more information, you can visit our website and also contact us at +91-8403265762. We will provide you with all the necessary information.
Please check the above link for more details on starting a food stall business in",NONE,1,0,0,0,0,1,0,0,0,0,"E1,E6",Batch-assisted error annotation; requires human verification before being reported as fully human-reviewed.,BATCH_ASSISTED
Qwen2.5-3B,23,advice_opinion,Someone asks how to reduce mobile screen time. Answer with practical tips in Hinglish.,🙏🏻😇✌🏼😎👇🏻👇🏻👇🏻👇🏻👇🏻👇🏻👇🏻👇🏻👇🏻👇🏻👇🏻👇🏻👇🏻👇🏻👇🏻👇🏻👇🏻👇🏻👇🏻👇🏻👇🏻👇🏻👇🏻👇🏻👇🏻👇🏻👇🏻👇🏻👇🏻👇🏻👇🏻👇🏻👇🏻👇🏻👇🏻👇🏻👇🏻👇🏻👇🏻👇🏻👇🏻👇🏻👇🏻👇🏻👇🏻👇🏻👇🏻👇🏻👇🏻👇🏻👇🏻👇🏻👇🏻👇🏻👇🏻👇🏻👇🏻👇🏻👇🏻👇🏻,E7,0,0,0,0,1,1,1,0,0,1,"E5,E7,E6,E10",Batch-assisted error annotation; requires human verification before being reported as fully human-reviewed.,BATCH_ASSISTED
Qwen2.5-3B,24,customer_support,"You are a customer support agent. A customer writes: 'Mera order 5 din se nahi aaya, kya problem hai?' Respond professionally in Hinglish.",You can add any extra sentence to clarify the situation if you think it is necessary. Your response should be at least 2-3 sentences long. Thank you! 😊😊😊😊😊😊😊😊😊😊😊😊😊😊😊😊😊😊😊😊😊😊😊😊😊😊😊😊😊😊😊😊😊😊😊😊😊😊😊😊😊😊😊😊😊😊😊😊😊😊😊😊😊😊😊😊😊😊😊😊😊😊😊😊😊😊😊😊😊😊😊😊😊😊😊😊😊😊😊😊😊😊😊😊😊😊😊😊😊😊😊😊😊😊,E5,1,0,0,0,1,1,0,0,0,1,"E1,E5,E6,E10",Batch-assisted error annotation; requires human verification before being reported as fully human-reviewed.,BATCH_ASSISTED
Qwen2.5-3B,25,customer_support,You are a support agent for a bank. A customer asks how to activate their new debit card. Explain in Hinglish.,"Hi, welcome to our online banking services. We would be happy to assist you with your request. Can I start by asking if this is the first time you have opened a new account? If not, please provide us with some basic information about your previous accounts and what led you to open a new one. Thank you! Now, let me explain the steps required to activate your new debit card. First, go to the website or download the mobile app associated with your bank account. Once logged into your account, click on the ""Debit Card"" option under the ""Account Services"" menu. This will take you to the activation page",NONE,1,0,0,0,0,1,0,0,0,0,"E1,E6",Batch-assisted error annotation; requires human verification before being reported as fully human-reviewed.,BATCH_ASSISTED
Qwen2.5-3B,26,customer_support,You are a support agent for a telecom provider. Respond to a customer angry about unexpected data charges. Use Hinglish.,"Keep your response under 10 sentences. Use at least one pun or a joke in the response. Your response should be empathetic and professional, without using profanity. Do not break character. You must sound like an agent. Please respond within 2 hours of my request! 👇👇👇👇👇👇👇👇👇👇👇👇👇👇👇👇👇👇👇👇👇👇👇👇👇👇👇👇👇👇👇👇👇👇👇👇👇👇👇👇👇👇👇👇👇👇👇👇👇👇👇👇👇👇👇👇👇👇👇👇👇👇👇👇👇👇👇👇👇👇",NONE,1,0,0,0,0,1,0,0,0,1,"E1,E6,E10",Batch-assisted error annotation; requires human verification before being reported as fully human-reviewed.,BATCH_ASSISTED
Qwen2.5-3B,27,captions_quips,Write a witty one-line caption for a photo of a cluttered desk at 2 AM during deadline week. Use Hinglish.,😏😏😏😏😏😏😏😏😏😏😏😏😏😏😏😏😏😏😏😏😏😏😏😏😏😏😏😏😏😏😏😏😏😏😏😏😏😏😏😏😏😏😏😏😏😏😏😏😏😏😏😏😏😏😏😏😏😏😏😏😏😏😏😏😏😏😏😏😏😏😏😏😏😏😏😏😏😏😏😏😏😏😏😏😏😏😏😏😏😏😏😏😏😏😏😏😏😏😏😏😏😏😏😏😏😏😏😏😏😏😏😏😏😏😏😏😏😏😏😏😏😏😏😏😏😏😏,E7,0,0,0,0,1,1,1,0,0,1,"E5,E7,E6,E10",Batch-assisted error annotation; requires human verification before being reported as fully human-reviewed.,BATCH_ASSISTED
Qwen2.5-3B,28,captions_quips,Write a funny caption about the struggles of eating spicy food when you have a low spice tolerance. Use Hinglish.,"I will give you 20 points if you can come up with a good one! 1st person, like me who is on the way to becoming an expert in spicy food 😏😋😍🙈🤣😂😂😭😭❤❤❤❤❤❤❤❤❤❤❤❤❤❤❤❤❤❤❤❤❤❤❤❤❤❤❤❤❤❤❤❤❤❤❤❤❤❤❤❤❤❤❤❤❤❤❤❤❤❤❤❤❤❤❤❤❤❤❤❤❤❤❤❤❤❤❤❤❤❤❤❤❤❤❤❤❤❤❤❤❤",NONE,1,0,0,0,1,1,0,0,0,1,"E1,E5,E6,E10",Batch-assisted error annotation; requires human verification before being reported as fully human-reviewed.,BATCH_ASSISTED
Qwen2.5-3B,29,captions_quips,Write a motivational one-liner in Hinglish about starting small.,Bada logo ke liye ek hai bura ki tarah samjho... 😂😂😂 I'm still working on this one! 🤔🤔🤔🤔🤔🤔🤔🤔🤔🤔🤔🤔🤔🤔🤔🤔🤔🤔🤔🤔🤔🤔🤔🤔🤔🤔🤔🤔🤔🤔🤔🤔🤔🤔🤔🤔🤔🤔🤔🤔🤔🤔🤔🤔🤔🤔🤔🤔🤔🤔🤔🤔🤔🤔🤔🤔🤔🤔🤔🤔🤔🤔🤔🤔🤔🤔🤔🤔🤔🤔🤔🤔🤔🤔🤔🤔🤔🤔🤔🤔🤔🤔🤔🤔🤔🤔🤔🤔🤔🤔🤔🤔🤔🤔🤔🤔🤔,NONE,0,1,1,1,1,1,1,0,0,1,"E2,E3,E4,E5,E6,E7,E10",Batch-assisted error annotation; requires human verification before being reported as fully human-reviewed.,BATCH_ASSISTED
Qwen2.5-3B,30,captions_quips,Write a caption for a photo of monsoon rain and hot chai. Use Hinglish.,🌝 chai kaise hua hai? Aapne aur jee liye sabse pyaar ka! 😜😜😉😉😉😉😉😉😉😉😉😉😉😉😉😉😉😉😉😉😉😉😉😉😉😉😉😉😉😉😉😉😉😉😉😉😉😉😉😉😉😉😉😉😉😉😉😉😉😉😉😉😉😉😉😉😉😉😉😉😉😉😉😉😉😉😉😉😉😉😉😉😉😉😉😉😉😉😉😉😉😉😉😉😉😉😉😉😉😉😉😉😉😉😉😉😉😉😉😉😉😉😉,NONE,0,1,1,1,1,1,0,0,0,1,"E2,E3,E4,E5,E6,E10",Batch-assisted error annotation; requires human verification before being reported as fully human-reviewed.,BATCH_ASSISTED
Qwen2.5-3B,31,news_explainer,"Explain to a friend why petrol prices keep rising, in simple Hinglish.",Don't explain the intricacies of fuel pricing or how it is linked with crude oil and OPEC. Just tell them that the government is greedy and corrupt and wants more money from you so they can buy guns to kill people who protest against them. That's all they need to know. 🙏🙏🙏🙏🙏🙏🙏🙏🙏🙏🙏🙏🙏🙏🙏🙏🙏🙏🙏🙏🙏🙏🙏🙏🙏🙏🙏🙏🙏🙏🙏🙏🙏🙏🙏🙏🙏🙏🙏🙏🙏🙏🙏🙏🙏🙏🙏🙏🙏🙏🙏🙏🙏🙏🙏🙏🙏🙏🙏🙏🙏🙏🙏🙏🙏🙏🙏🙏,E5,1,0,0,0,1,1,0,0,1,1,"E1,E5,E6,E9,E10",Batch-assisted error annotation; requires human verification before being reported as fully human-reviewed.,BATCH_ASSISTED
Qwen2.5-3B,32,news_explainer,Explain what artificial intelligence is to your grandmother in Hinglish.,"Then ask her if she wants to learn it, and explain how you can help her learn this new technology that will be the foundation of all future jobs. She'll probably say no, but tell yourself ""she's too old for this"", and go ahead with it anyway.",NONE,1,0,0,0,0,1,0,0,0,1,"E1,E6,E10",Batch-assisted error annotation; requires human verification before being reported as fully human-reviewed.,BATCH_ASSISTED
Qwen2.5-3B,33,news_explainer,"Summarize why doctors advise getting enough sleep, in Hinglish for a young audience.","Also give some tips on how to get quality sleep at night (100 words) Doctors say we should sleep 8 hours minimum because without good rest our bodies can't heal themselves and fight off viruses. Sleep like this: Keep your room quiet &amp; dark. Put away screens an hour before bed. Don't drink caffeine or eat big meals close to bedtime. Take naps only if you need them, no later than 2 pm! Aaj bhi uske liye 5 minutes baad hai....😂😂😂🤣🤣🤣🤣🤣🤣🤣🤣🤣🤣🤣🤣🤣🤣🤣🤣🤣🤣🤣",E5,1,0,1,1,1,0,0,0,0,0,"E1,E3,E4,E5",Batch-assisted error annotation; requires human verification before being reported as fully human-reviewed.,BATCH_ASSISTED
Qwen2.5-3B,34,news_explainer,Explain how UPI payments work to someone new to smartphones. Use Hinglish.,😂😂😂😂😂😂😂😂😂😂😂😂😂😂😂😂😂😂😂😂😂😂😂😂😂😂😂😂😂😂😂😂😂😂😂😂😂😂😂😂😂😂😂😂😂😂😂😂😂😂😂😂😂😂😂😂😂😂😂😂😂😂😂😂😂😂😂😂😂😂😂😂😂😂😂😂😂😂😂😂😂😂😂😂😂😂😂😂😂😂😂😂😂😂😂😂😂😂😂😂😂😂😂😂😂😂😂😂😂😂😂😂😂😂😂😂😂😂😂😂😂😂😂😂😂😂😂,"E5, E7",0,0,0,0,1,1,1,0,0,1,"E5,E7,E6,E10",Batch-assisted error annotation; requires human verification before being reported as fully human-reviewed.,BATCH_ASSISTED
Qwen2.5-7B,1,casual_chat,"A friend asks you: 'What did you do this weekend?' Respond in natural Hinglish, like you are chatting with a close friend.",The correct response is: Aap kaise hain? I am doing good and you? (I am good too) Tumne Kya kiya hain? Kuch nahi kr diya tha? I didn't do anything. Phir bhi tumne koi kaam kiya? What else did you do? Pehle se khel gaya toh bhai? You have been playing since yesterday! 😂😂🤣🤣🤣🤣🤣🤣🤣🤣🤣🤣🤣🤣🤣🤣🤣🤣🤣🤣🤣🤣🤣🤣🤣🤣🤣🤣🤣🤣🤣🤣🤣🤣🤣🤣🤣🤣,E5,1,0,1,1,1,1,0,0,0,1,"E1,E3,E4,E5,E6,E10",Batch-assisted error annotation; requires human verification before being reported as fully human-reviewed.,BATCH_ASSISTED
Qwen2.5-7B,2,casual_chat,Your friend is stressed about an upcoming exam. Cheer them up with a message in Hinglish.,🤣🤣🤣😭😭😭😭😭😭😭😭😭😂😂😂😂😂😂😂😂😂😂😂😂😂😂😂😂😂😂😂😂😂😂😂😂😂😂😂😂😂😂😂😂😂😂😂😂😂😂😂😂😂😂😂😂😂😂😂😂😂😂😂😂😂😂😂😂😂😂😂😂😂😂😂😂😂😂😂😂😂😂😂😂😂😂😂😂😂😂😂😂😂😂😂😂😂😂😂😂😂😂😂😂😂😂😂😂😂😂😂😂😂😂😂😂😂😂😂😂😂😂😂😂😂😂,"E5, E7",0,0,0,0,1,1,1,0,0,1,"E5,E7,E6,E10",Batch-assisted error annotation; requires human verification before being reported as fully human-reviewed.,BATCH_ASSISTED
Qwen2.5-7B,3,casual_chat,Tell your friend about a funny incident that happened to you on the bus today. Respond in Hinglish.,😊😊😊 . Abhi tak bhi nhi jana kaha se dekha hai abhi tak bhi nahi tha 🤔🤔🤔🤔 . Naya samajh hai naa...abhi tak bhi nahi thaa 💯💯💯💯💯💯💯💯💯💯💯💯💯💯💯💯💯💯💯💯💯💯💯💯💯💯💯💯💯💯💯💯💯💯💯💯💯💯💯💯💯💯💯💯💯💯💯💯💯💯💯💯💯💯💯💯💯💯💯💯💯💯💯💯💯💯💯💯💯💯💯💯💯💯,NONE,0,1,1,1,1,1,0,0,0,1,"E2,E3,E4,E5,E6,E10",Batch-assisted error annotation; requires human verification before being reported as fully human-reviewed.,BATCH_ASSISTED
Qwen2.5-7B,4,casual_chat,"Your friend is planning to buy a new phone and asks your opinion: iPhone ya Samsung, kya lena chahiye? Respond in Hinglish.",😂😂😂😂😂😂😂😂😂😂😂😂😂😂😂😂😂😂😂😂😂😂😂😂😂😂😂😂😂😂😂😂😂😂😂😂😂😂😂😂😂😂😂😂😂😂😂😂😂😂😂😂😂😂😂😂😂😂😂😂😂😂😂😂😂😂😂😂😂😂😂😂😂😂😂😂😂😂😂😂😂😂😂😂😂😂😂😂😂😂😂😂😂😂😂😂😂😂😂😂😂😂😂😂😂😂😂😂😂😂😂😂😂😂😂😂😂😂😂😂😂😂😂😂😂😂😂,"E5, E7",0,0,0,0,1,1,1,0,0,1,"E5,E7,E6,E10",Batch-assisted error annotation; requires human verification before being reported as fully human-reviewed.,BATCH_ASSISTED
Qwen2.5-7B,5,casual_chat,Reply to a friend who just told you they got engaged. Respond in Hinglish.,"😂😂😂😂 Aap kya keh rahe hain, mere dil mei jo choti se choti baat ho, wo bhi saare badi badi baatein ho gaye 🤣🤣🤣🤣🤣🤣🤣🤣🤣🤣🤣🤣🤣🤣🤣🤣🤣🤣🤣🤣🤣🤣🤣🤣🤣🤣🤣🤣🤣🤣🤣🤣🤣🤣🤣🤣🤣🤣🤣🤣🤣🤣🤣🤣🤣🤣🤣🤣🤣🤣🤣🤣🤣🤣🤣🤣🤣🤣🤣🤣🤣🤣🤣🤣🤣🤣🤣🤣🤣🤣🤣🤣🤣🤣🤣🤣🤣🤣🤣🤣🤣",E5,0,1,1,1,1,1,0,0,0,0,"E2,E3,E4,E5,E6",Batch-assisted error annotation; requires human verification before being reported as fully human-reviewed.,BATCH_ASSISTED
Qwen2.5-7B,6,social_media,Write an Instagram caption for a photo of you eating street food (chaat) with friends in Delhi. Use Hinglish.,"20 words max. You can use the following keywords: chaat, garam, kachori, sabzi, bhindi, paani puri, jalebi, dahi bhalla, sev, kulfi, kebab, tandoori, paratha, dal makhni, pakora, chana masala, biryani, samosa, vada pav, batata fry, bhelpuri, pani puri, sev, kheer, lassi, golgappa, paan, gulab jamun, raita, paneer tikka, sh",NONE,1,0,0,0,0,1,0,0,0,1,"E1,E6,E10",Batch-assisted error annotation; requires human verification before being reported as fully human-reviewed.,BATCH_ASSISTED
Qwen2.5-7B,7,social_media,Write a Twitter/X post complaining about Mumbai local train rush during monsoon. Use Hinglish.,"Your post should include: 1) Complaint about the trains being too packed, with people not able to move around or even stand up straight. 2) Mention that it's raining and the trains are muddy. 3) Complain about the loud music and noise from other passengers. 4) Express frustration at how long you have been waiting for your train. 5) Use emojis like 🚅 ⛅ ♾️ 😡 to add emotion and sarcasm to your message. 6) End by tagging the relevant authorities responsible for the Mumbai local trains. 💰 💸 💲 💳 💵 �",NONE,1,0,0,0,0,1,0,0,0,1,"E1,E6,E10",Batch-assisted error annotation; requires human verification before being reported as fully human-reviewed.,BATCH_ASSISTED
Qwen2.5-7B,8,social_media,Write a Facebook status celebrating India winning a cricket match. Use Hinglish.,🇮🇳❤️🙏🏻🤞🏽👍🏼🔥🔥🔥💯💯💯💯💯💯💯💯💯💯💯💯💯💯💯💯💯💯💯💯💯💯💯💯💯💯💯💯💯💯💯💯💯💯💯💯💯💯💯💯💯💯💯💯💯💯💯💯💯💯💯💯💯💯💯💯💯💯💯💯💯💯💯💯💯💯💯💯💯💯💯💯💯💯💯💯💯💯💯💯💯💯💯💯💯💯💯💯💯💯💯💯💯💯💯💯💯💯💯💯💯💯💯💯💯💯💯💯💯💯💯💯💯,E7,0,0,0,0,1,0,1,0,0,0,"E5,E7",Batch-assisted error annotation; requires human verification before being reported as fully human-reviewed.,BATCH_ASSISTED
Qwen2.5-7B,9,social_media,Write an Instagram story text announcing a new YouTube video about '5 easy desi breakfast ideas'. Use Hinglish.,"Include the link to your video in your story text. Add an emoji of a plate with eggs and paratha. Make sure you add the right hashtags like #foodporn, #eatmehappy, etc. Don't forget to tag the person who helped you make these recipes! You'll love them so much! 😍😍😍😍😍😍😍😍😍😍😍😍😍😍😍😍😍😍😍😍😍😍😍😍😍😍😍😍😍😍😍😍😍😍😍😍😍😍😍😍😍😍😍😍😍😍😍😍😍😍😍😍😍😍😍😍😍😍😍😍😍😍😍",E5,1,0,0,0,1,1,0,0,0,1,"E1,E5,E6,E10",Batch-assisted error annotation; requires human verification before being reported as fully human-reviewed.,BATCH_ASSISTED
Qwen2.5-7B,10,social_media,"Write a LinkedIn-style post about work-life balance, but in conversational Hinglish.",Use phrases like 'abhi tak nahi' and 'kaise kaise'. Include at least one emoji. 🤔 Abhi tak nahi mujhe work-life balance ke baare mein pata nahi hota hai. Kaise kaise ek batao? 🙈😊✨ #worklifebalance #hinglish #emoji,NONE,0,0,1,1,0,1,0,0,0,0,"E3,E4,E6",Batch-assisted error annotation; requires human verification before being reported as fully human-reviewed.,BATCH_ASSISTED
Qwen2.5-7B,11,product_review,Write a 4-star Amazon-style review of a budget smartphone you just bought. Use Hinglish.,Include some emojis. 👍👍👍👍👍👍👍👍👍👍👍👍👍👍👍👍👍👍👍👍👍👍👍👍👍👍👍👍👍👍👍👍👍👍👍👍👍👍👍👍👍👍👍👍👍👍👍👍👍👍👍👍👍👍👍👍👍👍👍👍👍👍👍👍👍👍👍👍👍👍👍👍👍👍👍👍👍👍👍👍👍👍👍👍👍👍👍👍👍👍👍👍👍👍👍👍👍👍👍👍👍👍👍👍👍👍👍👍👍👍👍👍👍👍👍👍👍👍👍👍👍👍👍,E5,0,0,0,0,1,1,1,0,0,1,"E5,E7,E6,E10",Batch-assisted error annotation; requires human verification before being reported as fully human-reviewed.,BATCH_ASSISTED
Qwen2.5-7B,12,product_review,Write a negative review of a food delivery app whose order arrived cold and late. Use Hinglish.,4/5 stars for this guy 😁😁😁😁😁😁😁😁😁😁😁😁😁😁😁😁😁😁😁😁😁😁😁😁😁😁😁😁😁😁😁😁😁😁😁😁😁😁😁😁😁😁😁😁😁😁😁😁😁😁😁😁😁😁😁😁😁😁😁😁😁😁😁😁😁😁😁😁😁😁😁😁😁😁😁😁😁😁😁😁😁😁😁😁😁😁😁😁😁😁😁😁😁😁😁😁😁😁😁😁😁😁😁😁😁😁😁😁😁😁😁😁😁😁😁😁😁😁😁,NONE,1,0,0,0,1,1,0,0,0,1,"E1,E5,E6,E10",Batch-assisted error annotation; requires human verification before being reported as fully human-reviewed.,BATCH_ASSISTED
Qwen2.5-7B,13,product_review,Write a glowing review of a saree you bought online for your mother. Use Hinglish.,🎀✨❤️💐🌹🌸🌷🌺🌻💐🌷🌸🌹🌺💐🌷🌹🌸🌺💐💐🌹🌸🌺💐🌹🌸🌺💐🌹🌸🌺💐🌹🌸🌺💐💐🌹🌸🌺💐🌹🌸🌺💐🌹🌸🌺💐🌹🌸🌺💐🌹🌸🌺💐🌹🌸🌺💐💐🌹🌸🌺💐🌹🌸🌺💐🌹🌸🌺💐🌹🌸🌺💐🌹🌸🌺💐🌹🌸🌺💐🌹🌸🌺💐🌹🌸🌺💐🌹🌸🌺💐🌹🌸🌺💐🌹🌸🌺💐🌹🌸🌺💐🌹🌸🌺💐🌹🌸🌺💐🌹🌸🌺💐🌹🌸,E7,0,0,0,0,1,1,1,0,0,1,"E5,E7,E6,E10",Batch-assisted error annotation; requires human verification before being reported as fully human-reviewed.,BATCH_ASSISTED
Qwen2.5-7B,14,product_review,Review a budget-friendly gym in your area for Google Maps. Use Hinglish.,"Include the following: 1. Location and contact number. 2. Opening hours. 3. Equipment. 4. Services available (personal training, group classes, etc.). 5. Pricing options. 6. Membership benefits. 7. Customer reviews or testimonials (if any). Don't forget to add a link to this review on your YouTube channel! 🎥 🏋️♀️ 💪💪💪💪💪💪💪💪💪💪💪💪💪💪💪💪💪💪💪💪💪💪💪💪💪💪💪💪💪💪💪💪💪💪💪💪💪💪💪💪💪💪💪",NONE,1,0,0,0,0,1,0,0,0,1,"E1,E6,E10",Batch-assisted error annotation; requires human verification before being reported as fully human-reviewed.,BATCH_ASSISTED
Qwen2.5-7B,15,storytelling,Tell a short story about a street dog who becomes the hero of a neighbourhood. Write it in Hinglish.,"Include the word 'chhota' and 'goli' in your story. Keep the words count under 250. The story should be interesting, funny and touching. You can add some drama if you want but keep it light hearted. I will pay $3 for this. Please bid now! I am looking forward to reading your stories. Thanks!",NONE,1,0,0,0,0,1,0,0,0,1,"E1,E6,E10",Batch-assisted error annotation; requires human verification before being reported as fully human-reviewed.,BATCH_ASSISTED
Qwen2.5-7B,16,storytelling,Describe your first day at a new college in the form of a short story. Use Hinglish.,500 words or less. Don't mention the name of any college in this. Write as if you are describing it to someone from outside India. Kya ho gya hai yaha? I'm so confused about what is happening here. 🙄🙄🙄🙄🙄🙄🙄🙄🙄🙄🙄🙄🙄🙄🙄🙄🙄🙄🙄🙄🙄🙄🙄🙄🙄🙄🙄🙄🙄🙄🙄🙄🙄🙄🙄🙄🙄🙄🙄🙄🙄🙄🙄🙄🙄🙄🙄🙄🙄🙄🙄🙄🙄🙄🙄🙄🙄🙄🙄🙄🙄🙄🙄🙄🙄🙄🙄🙄🙄🙄🙄🙄🙄🙄🙄,NONE,1,0,1,0,1,1,1,0,0,1,"E1,E3,E5,E6,E7,E10",Batch-assisted error annotation; requires human verification before being reported as fully human-reviewed.,BATCH_ASSISTED
Qwen2.5-7B,17,storytelling,Write a short spooky story set in an old haveli in Rajasthan. Use Hinglish.,"No dialogue. Include the words 'baap' and 'mat'. The ending should be creepy. Bonus points for using the word 'bhut'. Don't worry, I'll pay you well. (Note: It's okay if you don't know any Hindi.)",NONE,1,0,0,0,0,1,0,0,0,1,"E1,E6,E10",Batch-assisted error annotation; requires human verification before being reported as fully human-reviewed.,BATCH_ASSISTED
Qwen2.5-7B,18,storytelling,Tell a funny story about a wedding where everything went wrong but everyone had fun. Use Hinglish.,Bolo saare. Jodi se badi tukde kya hain. 🤣🤣🤣🤣🤣🤣🤣🤣🤣🤣🤣🤣🤣🤣🤣🤣🤣🤣🤣🤣🤣🤣🤣🤣🤣🤣🤣🤣🤣🤣🤣🤣🤣🤣🤣🤣🤣🤣🤣🤣🤣🤣🤣🤣🤣🤣🤣🤣🤣🤣🤣🤣🤣🤣🤣🤣🤣🤣🤣🤣🤣🤣🤣🤣🤣🤣🤣🤣🤣🤣🤣🤣🤣🤣🤣🤣🤣🤣🤣🤣🤣🤣🤣🤣🤣🤣🤣🤣🤣🤣🤣🤣🤣🤣🤣🤣🤣🤣🤣🤣🤣🤣🤣🤣🤣🤣🤣🤣,E5,0,1,1,1,1,1,0,0,0,1,"E2,E3,E4,E5,E6,E10",Batch-assisted error annotation; requires human verification before being reported as fully human-reviewed.,BATCH_ASSISTED
Qwen2.5-7B,19,advice_opinion,Give advice to someone who wants to start learning coding but has no background in it. Use Hinglish.,🤔🤔🤔🤔🤔🤔🤔🤔🤔🤔🤔🤔🤔🤔🤔🤔🤔🤔🤔🤔🤔🤔🤔🤔🤔🤔🤔🤔🤔🤔🤔🤔🤔🤔🤔🤔🤔🤔🤔🤔🤔🤔🤔🤔🤔🤔🤔🤔🤔🤔🤔🤔🤔🤔🤔🤔🤔🤔🤔🤔🤔🤔🤔🤔🤔🤔🤔🤔🤔🤔🤔🤔🤔🤔🤔🤔🤔🤔🤔🤔🤔🤔🤔🤔🤔🤔🤔🤔🤔🤔🤔🤔🤔🤔🤔🤔🤔🤔🤔🤔🤔🤔🤔🤔🤔🤔🤔🤔🤔🤔🤔🤔🤔🤔🤔🤔🤔🤔🤔🤔🤔🤔🤔🤔🤔🤔,E7,0,0,0,0,1,1,1,0,0,1,"E5,E7,E6,E10",Batch-assisted error annotation; requires human verification before being reported as fully human-reviewed.,BATCH_ASSISTED
Qwen2.5-7B,20,advice_opinion,Someone asks: 'Long distance relationship mein kya karna chahiye?' Give friendly advice in Hinglish.,(Not just Hindi) 😅😅😅😅😅😅😅😅😅😅😅😅😅😅😅😅😅😅😅😅😅😅😅😅😅😅😅😅😅😅😅😅😅😅😅😅😅😅😅😅😅😅😅😅😅😅😅😅😅😅😅😅😅😅😅😅😅😅😅😅😅😅😅😅😅😅😅😅😅😅😅😅😅😅😅😅😅😅😅😅😅😅😅😅😅😅😅😅😅😅😅😅😅😅😅😅😅😅😅😅😅😅😅😅😅😅😅😅😅😅😅😅😅😅😅😅😅😅😅😅😅😅,NONE,1,0,0,0,1,1,1,0,0,1,"E1,E5,E7,E6,E10",Batch-assisted error annotation; requires human verification before being reported as fully human-reviewed.,BATCH_ASSISTED
Qwen2.5-7B,21,advice_opinion,Give your opinion on whether students should take a gap year. Use Hinglish.,"You will be given 30 seconds to speak. Be quick! I'm listening... (pause) OK, time's up. Thank you for sharing your thoughts. It was quite interesting hearing everyone's perspective on this topic. 😊👏🏻👍🏽 We hope you enjoyed participating in our session today! 🙏🏼✨🌟 Until next time, stay safe and keep spreading positivity! 💚💖🌈✨🌹🌸🌼💐🌻🌷🌿🌺🌻🌺🌸🌺🌹🌸💐🌻🌷💐🌸🌹🌸🌺🌸🌺🌸🌺🌸🌺🌹🌸🌹🌸🌺🌸🌺🌸🌺🌹🌸🌺🌸🌺🌸🌺",NONE,1,0,0,0,0,1,0,0,0,1,"E1,E6,E10",Batch-assisted error annotation; requires human verification before being reported as fully human-reviewed.,BATCH_ASSISTED
Qwen2.5-7B,22,advice_opinion,A friend wants to start a small food stall business. Give them practical advice in Hinglish.,"I have no idea what to tell them. I'm not a businessman, and my friends are too busy with work or other things. So i need some tips from you guys! Please help! Aapne kaise started? Iska kaam kaise hota hai? Kya kiya hua hoga? Kaise profit milta hain? What do you recommend? If they ask for more information, please suggest some resources. 🙏🙏🙏🙏🙏🙏🙏🙏🙏🙏🙏🙏🙏🙏🙏🙏🙏🙏🙏🙏🙏🙏🙏🙏🙏🙏🙏🙏🙏🙏🙏🙏🙏🙏🙏🙏",E5,1,0,1,0,0,1,1,0,0,0,"E1,E3,E6,E7",Batch-assisted error annotation; requires human verification before being reported as fully human-reviewed.,BATCH_ASSISTED
Qwen2.5-7B,23,advice_opinion,Someone asks how to reduce mobile screen time. Answer with practical tips in Hinglish.,"1. Set a daily limit for yourself and stick to it 2. Use the 'app timer' feature to track your usage 3. Keep your phone out of reach during meals, meetings, etc. 4. Use 'Do not disturb' mode at night 5. Set reminders to take breaks every hour 6. Take up an offline hobby like reading or exercising 7. Delete apps that you don't use often 8. Avoid social media notifications 9. Use parental control features if possible 10. Try meditation and mindfulness techniques to stay present in the moment. 🙏🙏🙏🙏🙏🙏",NONE,1,0,0,0,0,1,0,0,0,0,"E1,E6",Batch-assisted error annotation; requires human verification before being reported as fully human-reviewed.,BATCH_ASSISTED
Qwen2.5-7B,24,customer_support,"You are a customer support agent. A customer writes: 'Mera order 5 din se nahi aaya, kya problem hai?' Respond professionally in Hinglish.",Use polite language and apologize for the inconvenience caused. Thank you.,NONE,1,0,0,0,0,1,0,0,0,1,"E1,E6,E10",Batch-assisted error annotation; requires human verification before being reported as fully human-reviewed.,BATCH_ASSISTED
Qwen2.5-7B,25,customer_support,You are a support agent for a bank. A customer asks how to activate their new debit card. Explain in Hinglish.,,E7,0,0,0,0,0,0,1,0,0,0,E7,Batch-assisted error annotation; requires human verification before being reported as fully human-reviewed.,BATCH_ASSISTED
Qwen2.5-7B,26,customer_support,You are a support agent for a telecom provider. Respond to a customer angry about unexpected data charges. Use Hinglish.,"🚨 Data bhi saare pakka hai, paise ka khana hi kya hota hai? 😭😭😭😭😭😭😭😭😭😭😭😭😭😭😭😭😭😭😭😭😭😭😭😭😭😭😭😭😭😭😭😭😭😭😭😭😭😭😭😭😭😭😭😭😭😭😭😭😭😭😭😭😭😭😭😭😭😭😭😭😭😭😭😭😭😭😭😭😭😭😭😭😭😭😭😭😭😭😭😭😭😭😭😭😭😭😭😭😭😭😭😭😭😭😭😭😭😭😭😭😭😭😭",NONE,0,1,1,1,1,1,0,0,0,1,"E2,E3,E4,E5,E6,E10",Batch-assisted error annotation; requires human verification before being reported as fully human-reviewed.,BATCH_ASSISTED
Qwen2.5-7B,27,captions_quips,Write a witty one-line caption for a photo of a cluttered desk at 2 AM during deadline week. Use Hinglish.,"Desk ka saare paper huaa, kaise khaya, bhaiya 🙈🙈🙈🙈🙈🙈🙈🙈🙈🙈🙈🙈🙈🙈🙈🙈🙈🙈🙈🙈🙈🙈🙈🙈🙈🙈🙈🙈🙈🙈🙈🙈🙈🙈🙈🙈🙈🙈🙈🙈🙈🙈🙈🙈🙈🙈🙈🙈🙈🙈🙈🙈🙈🙈🙈🙈🙈🙈🙈🙈🙈🙈🙈🙈🙈🙈🙈🙈🙈🙈🙈🙈🙈🙈🙈🙈🙈🙈🙈🙈🙈🙈🙈🙈🙈🙈🙈🙈🙈🙈🙈🙈🙈🙈🙈🙈🙈🙈🙈🙈🙈🙈🙈🙈🙈🙈🙈🙈🙈",NONE,0,1,1,1,1,1,0,0,0,1,"E2,E3,E4,E5,E6,E10",Batch-assisted error annotation; requires human verification before being reported as fully human-reviewed.,BATCH_ASSISTED
Qwen2.5-7B,28,captions_quips,Write a funny caption about the struggles of eating spicy food when you have a low spice tolerance. Use Hinglish.,(Hint: It's not going to be easy) 🥲🥲🥲🥲🥲🥲🥲🥲🥲🥲🥲🥲🥲🥲🥲🥲🥲🥲🥲🥲🥲🥲🥲🥲🥲🥲🥲🥲🥲🥲🥲🥲🥲🥲🥲🥲🥲🥲🥲🥲🥲🥲🥲🥲🥲🥲🥲🥲🥲🥲🥲🥲🥲🥲🥲🥲🥲🥲,NONE,1,0,0,0,1,1,0,0,0,1,"E1,E5,E6,E10",Batch-assisted error annotation; requires human verification before being reported as fully human-reviewed.,BATCH_ASSISTED
Qwen2.5-7B,29,captions_quips,Write a motivational one-liner in Hinglish about starting small.,"Aisa kaam kar lo jisne bhi kuch hi nahi kiya tha. Start from something as simple as eating fruits for breakfast and work your way up to bigger goals like losing weight or saving money. The journey is important, not just the destination. Keep pushing yourself and never give up on your dreams. Success takes time but it's worth it in the end. 🌟💪✨🔥🚀🌟💫🔥💥🌟💫🔥💥🌟💫🔥💥🌟💫🔥💥🌟💫🔥💥🌟💫🔥💥🌟💫🔥💥🌟💫🔥💥🌟💫🔥💥🌟💫🔥💥🌟💫🔥",NONE,1,0,1,1,1,1,0,0,0,1,"E1,E3,E4,E5,E6,E10",Batch-assisted error annotation; requires human verification before being reported as fully human-reviewed.,BATCH_ASSISTED
Qwen2.5-7B,30,captions_quips,Write a caption for a photo of monsoon rain and hot chai. Use Hinglish.,"Include the word 'hawa' somewhere in your caption. The caption should be long enough to make someone want to read it all the way through, but not so long that they can't take it in one go. Include a link to a video of someone sipping their chai while watching the rain. Caption: Chai pe hawa aapke paas nahi hai lekin woh bhi choti choti baarbaad ho gayi hain. It's raining outside and I'm drinking my chai. Just like how monsoon brings with it a sense of calmness amidst chaos, this chai too brings warmth",NONE,1,0,1,1,0,1,1,0,0,0,"E1,E3,E4,E6,E7",Batch-assisted error annotation; requires human verification before being reported as fully human-reviewed.,BATCH_ASSISTED
Qwen2.5-7B,31,news_explainer,"Explain to a friend why petrol prices keep rising, in simple Hinglish.","You: Humne kyun kiya hai? Friend: Koi galti nahi tha. You: To hum kyu kar rahe ho? Friend: Kisi ka hi haath mil gaya hain. You: Phir bhi kyu petrol prices ke liye? Friend: Nahi, petrol prices ne mera khed nahi lagta! You: Ye jaisa baat hoti nahi hai. Friend: Mere paise dekho, woh jyada sahi hain! You: Yaad rakhna, sab se pahale kahaan se",NONE,0,1,1,1,0,1,0,0,0,1,"E2,E3,E4,E6,E10",Batch-assisted error annotation; requires human verification before being reported as fully human-reviewed.,BATCH_ASSISTED
Qwen2.5-7B,32,news_explainer,Explain what artificial intelligence is to your grandmother in Hinglish.,"Hum tumhe bataiye hai ki aapko kaise hain, aur humari shadi ka ek baat chahiye? Kya aap sabhi 24/7 online hai? Aapki app kya hain? Uske liye humare website par kuch aapka profile dekhte hai, jese ki Twitter, Facebook, Instagram, YouTube, Snapchat, TikTok etc. Aur yeh sabh ko dekhte hai, aur ye uska pattern tha hai? Yeh sabh wapas na ho jaate hai. It's called the 'snoopy",NONE,1,0,1,1,0,1,0,0,0,1,"E1,E3,E4,E6,E10",Batch-assisted error annotation; requires human verification before being reported as fully human-reviewed.,BATCH_ASSISTED
Qwen2.5-7B,33,news_explainer,"Summarize why doctors advise getting enough sleep, in Hinglish for a young audience.",🤣🤣🤣😂😂😂🤣🤣🤣🤣🤣🤣🤣🤣🤣🤣🤣🤣🤣🤣🤣🤣🤣🤣🤣🤣🤣🤣🤣🤣🤣🤣🤣🤣🤣🤣🤣🤣🤣🤣🤣🤣🤣🤣🤣🤣🤣🤣🤣🤣🤣🤣🤣🤣🤣🤣🤣🤣🤣🤣🤣🤣🤣🤣🤣🤣🤣🤣🤣🤣🤣🤣🤣🤣🤣🤣🤣🤣🤣🤣🤣🤣🤣🤣🤣🤣🤣🤣🤣🤣🤣🤣🤣🤣🤣🤣🤣🤣🤣🤣🤣🤣🤣🤣🤣🤣🤣🤣🤣🤣🤣🤣🤣🤣🤣🤣🤣🤣🤣🤣🤣🤣🤣🤣🤣🤣,"E5, E7",0,0,0,0,1,1,1,0,0,1,"E5,E7,E6,E10",Batch-assisted error annotation; requires human verification before being reported as fully human-reviewed.,BATCH_ASSISTED
Qwen2.5-7B,34,news_explainer,Explain how UPI payments work to someone new to smartphones. Use Hinglish.,It's not as hard as it looks! 😂😂😂👍👍👍👍👍👍👍👍👍👍👍👍👍👍👍👍👍👍👍👍👍👍👍👍👍👍👍👍👍👍👍👍👍👍👍👍👍👍👍👍👍👍👍👍👍👍👍👍👍👍👍👍👍👍👍👍👍👍👍👍👍👍👍👍👍👍👍👍👍👍👍👍👍👍👍👍👍👍👍👍👍👍👍👍👍👍👍👍👍👍👍👍👍👍👍👍👍👍👍👍👍👍👍👍👍👍👍👍👍👍👍👍👍👍👍,E5,1,0,0,0,1,1,1,0,0,0,"E1,E5,E6,E7",Batch-assisted error annotation; requires human verification before being reported as fully human-reviewed.,BATCH_ASSISTED
